Expression,OpenMouthSmile,h_TeethDown,26,h_teeth.t_Ljaw_h,50
Expression,OpenMouthSmile,m_TeethDown,26,m_teeth.t_Ljaw_m,50
Expression,OpenMouthSmile,l_TeethDown,26,l_teeth.t_Ljaw_l,50
Expression,OpenMouthSmile,c_TeethDown,26,c_teeth.t_Ljaw_c,50
Expression,OpenMouthSmile,h_TeethDown,29,h_teeth.t_MouthOpen_h,40
Expression,OpenMouthSmile,m_TeethDown,29,m_teeth.t_MouthOpen_m,40
Expression,OpenMouthSmile,l_TeethDown,29,l_teeth.t_MouthOpen_l,40
Expression,OpenMouthSmile,c_TeethDown,29,c_teeth.t_MouthOpen_c,40
Expression,OpenMouthSmile,H_DDS_HighRes,23,h_expressions.Ljaw_h,50
Expression,OpenMouthSmile,H_DDS_MidRes,23,m_expressions.Ljaw_m,50
Expression,OpenMouthSmile,H_DDS_LowRes,23,l_expressions.Ljaw_l,50
Expression,OpenMouthSmile,H_DDS_CrowdRes,23,c_expressions.Ljaw_c,50
Expression,OpenMouthSmile,H_DDS_HighRes,26,h_expressions.MouthOpen_h,40
Expression,OpenMouthSmile,H_DDS_MidRes,26,m_expressions.MouthOpen_m,40
Expression,OpenMouthSmile,H_DDS_LowRes,26,l_expressions.MouthOpen_l,40
Expression,OpenMouthSmile,H_DDS_CrowdRes,26,c_expressions.MouthOpen_c,40
Expression,OpenMouthSmile,H_DDS_HighRes,30,h_expressions.RsmileOpen_h,80
Expression,OpenMouthSmile,H_DDS_MidRes,30,m_expressions.RsmileOpen_m,80
Expression,OpenMouthSmile,H_DDS_LowRes,30,l_expressions.RsmileOpen_l,80
Expression,OpenMouthSmile,H_DDS_CrowdRes,30,c_expressions.RsmileOpen_c,80
Expression,OpenMouthSmile,H_DDS_HighRes,31,h_expressions.LsmileOpen_h,100
Expression,OpenMouthSmile,H_DDS_MidRes,31,m_expressions.LsmileOpen_m,100
Expression,OpenMouthSmile,H_DDS_LowRes,31,l_expressions.LsmileOpen_l,100
Expression,OpenMouthSmile,H_DDS_CrowdRes,31,c_expressions.LsmileOpen_c,100
Expression,OpenMouthSmile,H_DDS_HighRes,39,h_expressions.Chin_h,30
Expression,OpenMouthSmile,H_DDS_MidRes,39,m_expressions.Chin_m,30
Expression,OpenMouthSmile,H_DDS_LowRes,39,l_expressions.Chin_l,30
Expression,OpenMouthSmile,H_DDS_CrowdRes,39,c_expressions.Chin_c,30
Expression,OpenMouthSmile,H_DDS_HighRes,43,h_expressions.Rnostril_h,100
Expression,OpenMouthSmile,H_DDS_MidRes,43,m_expressions.Rnostril_m,100
Expression,OpenMouthSmile,H_DDS_LowRes,43,l_expressions.Rnostril_l,100
Expression,OpenMouthSmile,H_DDS_CrowdRes,43,c_expressions.Rnostril_c,100
Expression,OpenMouthSmile,H_DDS_HighRes,44,h_expressions.Lnostril_h,100
Expression,OpenMouthSmile,H_DDS_MidRes,44,m_expressions.Lnostril_m,100
Expression,OpenMouthSmile,H_DDS_LowRes,44,l_expressions.Lnostril_l,100
Expression,OpenMouthSmile,H_DDS_CrowdRes,44,c_expressions.Lnostril_c,100
Expression,OpenMouthSmile,H_DDS_HighRes,49,h_expressions.Rsquint_h,10
Expression,OpenMouthSmile,H_DDS_HighRes,50,h_expressions.Lsquint_h,20
Expression,OpenMouthSmile,H_DDS_MidRes,49,m_expressions.Rsquint_m,10
Expression,OpenMouthSmile,H_DDS_MidRes,50,m_expressions.Lsquint_m,20
Expression,OpenMouthSmile,H_DDS_LowRes,49,l_expressions.Rsquint_l,10
Expression,OpenMouthSmile,H_DDS_LowRes,50,l_expressions.Lsquint_l,20
Expression,OpenMouthSmile,H_DDS_CrowdRes,49,c_expressions.Rsquint_c,10
Expression,OpenMouthSmile,H_DDS_CrowdRes,50,c_expressions.Lsquint_c,20
Expression,OpenMouthSmile,H_DDS_HighRes,57,h_expressions.RRbrowUp_h,30
Expression,OpenMouthSmile,H_DDS_HighRes,58,h_expressions.RbrowUp_h,10
Expression,OpenMouthSmile,H_DDS_HighRes,59,h_expressions.LbrowUp_h,17
Expression,OpenMouthSmile,H_DDS_HighRes,60,h_expressions.LLbrowUp_h,46
Expression,OpenMouthSmile,H_DDS_MidRes,57,m_expressions.RRbrowUp_m,30
Expression,OpenMouthSmile,H_DDS_MidRes,58,m_expressions.RbrowUp_m,10
Expression,OpenMouthSmile,H_DDS_MidRes,59,m_expressions.LbrowUp_m,17
Expression,OpenMouthSmile,H_DDS_MidRes,60,m_expressions.LLbrowUp_m,46
Expression,OpenMouthSmile,H_DDS_LowRes,57,l_expressions.RRbrowUp_l,30
Expression,OpenMouthSmile,H_DDS_LowRes,58,l_expressions.RbrowUp_l,10
Expression,OpenMouthSmile,H_DDS_LowRes,59,l_expressions.LbrowUp_l,17
Expression,OpenMouthSmile,H_DDS_LowRes,60,l_expressions.LLbrowUp_l,46
Expression,OpenMouthSmile,H_DDS_CrowdRes,57,c_expressions.RRbrowUp_c,30
Expression,OpenMouthSmile,H_DDS_CrowdRes,58,c_expressions.RbrowUp_c,10
Expression,OpenMouthSmile,H_DDS_CrowdRes,59,c_expressions.LbrowUp_c,17
Expression,OpenMouthSmile,H_DDS_CrowdRes,60,c_expressions.LLbrowUp_c,46
Expression,EyesClosed,H_DDS_HighRes,45,h_expressions.ReyeClose_h,100
Expression,EyesClosed,H_DDS_HighRes,46,h_expressions.LeyeClose_h,100
Expression,EyesClosed,H_DDS_MidRes,45,m_expressions.ReyeClose_m,100
Expression,EyesClosed,H_DDS_MidRes,46,m_expressions.LeyeClose_m,100
Expression,EyesClosed,H_DDS_LowRes,45,l_expressions.ReyeClose_l,100
Expression,EyesClosed,H_DDS_LowRes,46,l_expressions.LeyeClose_l,100
Expression,EyesClosed,H_DDS_CrowdRes,45,c_expressions.ReyeClose_c,100
Expression,EyesClosed,H_DDS_CrowdRes,46,c_expressions.LeyeClose_c,100
Expression,ClosedMouthSmile,H_DDS_CrowdRes,19,c_expressions.RlipCorner_c,100
Expression,ClosedMouthSmile,H_DDS_CrowdRes,20,c_expressions.LlipCorner_c,100
Expression,ClosedMouthSmile,H_DDS_LowRes,19,l_expressions.RlipCorner_l,100
Expression,ClosedMouthSmile,H_DDS_LowRes,20,l_expressions.LlipCorner_l,100
Expression,ClosedMouthSmile,H_DDS_MidRes,19,m_expressions.RlipCorner_m,100
Expression,ClosedMouthSmile,H_DDS_MidRes,20,m_expressions.LlipCorner_m,100
Expression,ClosedMouthSmile,H_DDS_HighRes,19,h_expressions.RlipCorner_h,100
Expression,ClosedMouthSmile,H_DDS_HighRes,20,h_expressions.LlipCorner_h,100
Expression,ClosedMouthSmile,H_DDS_CrowdRes,28,c_expressions.RsmileClose_c,100
Expression,ClosedMouthSmile,H_DDS_CrowdRes,29,c_expressions.LsmileClose_c,100
Expression,ClosedMouthSmile,H_DDS_LowRes,28,l_expressions.RsmileClose_l,100
Expression,ClosedMouthSmile,H_DDS_LowRes,29,l_expressions.LsmileClose_l,100
Expression,ClosedMouthSmile,H_DDS_MidRes,28,m_expressions.RsmileClose_m,100
Expression,ClosedMouthSmile,H_DDS_MidRes,29,m_expressions.LsmileClose_m,100
Expression,ClosedMouthSmile,H_DDS_HighRes,28,h_expressions.RsmileClose_h,100
Expression,ClosedMouthSmile,H_DDS_HighRes,29,h_expressions.LsmileClose_h,100
Expression,ClosedMouthSmile,H_DDS_HighRes,39,h_expressions.Chin_h,30
Expression,ClosedMouthSmile,H_DDS_MidRes,39,m_expressions.Chin_m,30
Expression,ClosedMouthSmile,H_DDS_LowRes,39,l_expressions.Chin_l,30
Expression,ClosedMouthSmile,H_DDS_CrowdRes,39,c_expressions.Chin_c,30
Expression,ClosedMouthSmile,H_DDS_HighRes,43,h_expressions.Rnostril_h,100
Expression,ClosedMouthSmile,H_DDS_MidRes,43,m_expressions.Rnostril_m,100
Expression,ClosedMouthSmile,H_DDS_LowRes,43,l_expressions.Rnostril_l,100
Expression,ClosedMouthSmile,H_DDS_CrowdRes,43,c_expressions.Rnostril_c,100
Expression,ClosedMouthSmile,H_DDS_HighRes,44,h_expressions.Lnostril_h,100
Expression,ClosedMouthSmile,H_DDS_MidRes,44,m_expressions.Lnostril_m,100
Expression,ClosedMouthSmile,H_DDS_LowRes,44,l_expressions.Lnostril_l,100
Expression,ClosedMouthSmile,H_DDS_CrowdRes,44,c_expressions.Lnostril_c,100
Expression,ClosedMouthSmile,H_DDS_HighRes,49,h_expressions.Rsquint_h,15
Expression,ClosedMouthSmile,H_DDS_HighRes,50,h_expressions.Lsquint_h,20
Expression,ClosedMouthSmile,H_DDS_MidRes,49,m_expressions.Rsquint_m,15
Expression,ClosedMouthSmile,H_DDS_MidRes,50,m_expressions.Lsquint_m,20
Expression,ClosedMouthSmile,H_DDS_LowRes,49,l_expressions.Rsquint_l,15
Expression,ClosedMouthSmile,H_DDS_LowRes,50,l_expressions.Lsquint_l,20
Expression,ClosedMouthSmile,H_DDS_CrowdRes,49,c_expressions.Rsquint_c,15
Expression,ClosedMouthSmile,H_DDS_CrowdRes,50,c_expressions.Lsquint_c,20
Expression,ClosedMouthSmile,H_DDS_HighRes,57,h_expressions.RRbrowUp_h,30
Expression,ClosedMouthSmile,H_DDS_HighRes,58,h_expressions.RbrowUp_h,10
Expression,ClosedMouthSmile,H_DDS_HighRes,59,h_expressions.LbrowUp_h,17
Expression,ClosedMouthSmile,H_DDS_HighRes,60,h_expressions.LLbrowUp_h,46
Expression,ClosedMouthSmile,H_DDS_MidRes,57,m_expressions.RRbrowUp_m,30
Expression,ClosedMouthSmile,H_DDS_MidRes,58,m_expressions.RbrowUp_m,10
Expression,ClosedMouthSmile,H_DDS_MidRes,59,m_expressions.LbrowUp_m,17
Expression,ClosedMouthSmile,H_DDS_MidRes,60,m_expressions.LLbrowUp_m,46
Expression,ClosedMouthSmile,H_DDS_LowRes,57,l_expressions.RRbrowUp_l,30
Expression,ClosedMouthSmile,H_DDS_LowRes,58,l_expressions.RbrowUp_l,10
Expression,ClosedMouthSmile,H_DDS_LowRes,59,l_expressions.LbrowUp_l,17
Expression,ClosedMouthSmile,H_DDS_LowRes,60,l_expressions.LLbrowUp_l,46
Expression,ClosedMouthSmile,H_DDS_CrowdRes,57,c_expressions.RRbrowUp_c,30
Expression,ClosedMouthSmile,H_DDS_CrowdRes,58,c_expressions.RbrowUp_c,10
Expression,ClosedMouthSmile,H_DDS_CrowdRes,59,c_expressions.LbrowUp_c,17
Expression,ClosedMouthSmile,H_DDS_CrowdRes,60,c_expressions.LLbrowUp_c,46
Expression,EyeBrowsRaised,H_DDS_HighRes,43,h_expressions.Rnostril_h,100
Expression,EyeBrowsRaised,H_DDS_MidRes,43,m_expressions.Rnostril_m,100
Expression,EyeBrowsRaised,H_DDS_LowRes,43,l_expressions.Rnostril_l,100
Expression,EyeBrowsRaised,H_DDS_CrowdRes,43,c_expressions.Rnostril_c,100
Expression,EyeBrowsRaised,H_DDS_HighRes,44,h_expressions.Lnostril_h,100
Expression,EyeBrowsRaised,H_DDS_MidRes,44,m_expressions.Lnostril_m,100
Expression,EyeBrowsRaised,H_DDS_LowRes,44,l_expressions.Lnostril_l,100
Expression,EyeBrowsRaised,H_DDS_CrowdRes,44,c_expressions.Lnostril_c,100
Expression,EyeBrowsRaised,H_DDS_HighRes,57,h_expressions.RRbrowUp_h,100
Expression,EyeBrowsRaised,H_DDS_HighRes,58,h_expressions.RbrowUp_h,100
Expression,EyeBrowsRaised,H_DDS_HighRes,59,h_expressions.LbrowUp_h,100
Expression,EyeBrowsRaised,H_DDS_HighRes,60,h_expressions.LLbrowUp_h,100
Expression,EyeBrowsRaised,H_DDS_MidRes,57,m_expressions.RRbrowUp_m,100
Expression,EyeBrowsRaised,H_DDS_MidRes,58,m_expressions.RbrowUp_m,100
Expression,EyeBrowsRaised,H_DDS_MidRes,59,m_expressions.LbrowUp_m,100
Expression,EyeBrowsRaised,H_DDS_MidRes,60,m_expressions.LLbrowUp_m,100
Expression,EyeBrowsRaised,H_DDS_LowRes,57,l_expressions.RRbrowUp_l,100
Expression,EyeBrowsRaised,H_DDS_LowRes,58,l_expressions.RbrowUp_l,100
Expression,EyeBrowsRaised,H_DDS_LowRes,59,l_expressions.LbrowUp_l,100
Expression,EyeBrowsRaised,H_DDS_LowRes,60,l_expressions.LLbrowUp_l,100
Expression,EyeBrowsRaised,H_DDS_CrowdRes,57,c_expressions.RRbrowUp_c,100
Expression,EyeBrowsRaised,H_DDS_CrowdRes,58,c_expressions.RbrowUp_c,100
Expression,EyeBrowsRaised,H_DDS_CrowdRes,59,c_expressions.LbrowUp_c,100
Expression,EyeBrowsRaised,H_DDS_CrowdRes,60,c_expressions.LLbrowUp_c,100
Expression,EyeBrowsRaised,H_DDS_HighRes,47,h_expressions.ReyeOpen_h,30
Expression,EyeBrowsRaised,H_DDS_HighRes,48,h_expressions.LeyeOpen_h,30
Expression,EyeBrowsRaised,H_DDS_MidRes,47,m_expressions.ReyeOpen_m,30
Expression,EyeBrowsRaised,H_DDS_MidRes,48,m_expressions.LeyeOpen_m,30
Expression,EyeBrowsRaised,H_DDS_LowRes,47,l_expressions.ReyeOpen_l,30
Expression,EyeBrowsRaised,H_DDS_LowRes,48,l_expressions.LeyeOpen_l,30
Expression,EyeBrowsRaised,H_DDS_CrowdRes,47,c_expressions.ReyeOpen_c,30
Expression,EyeBrowsRaised,H_DDS_CrowdRes,48,c_expressions.LeyeOpen_c,30
Expression,EyeBrowsRaised,H_DDS_HighRes,51,h_expressions.RlowLid_h,10
Expression,EyeBrowsRaised,H_DDS_HighRes,52,h_expressions.LlowLid_h,10
Expression,EyeBrowsRaised,H_DDS_MidRes,51,m_expressions.RlowLid_m,10
Expression,EyeBrowsRaised,H_DDS_MidRes,52,m_expressions.LlowLid_m,10
Expression,EyeBrowsRaised,H_DDS_LowRes,51,l_expressions.RlowLid_l,10
Expression,EyeBrowsRaised,H_DDS_LowRes,52,l_expressions.LlowLid_l,10
Expression,EyeBrowsRaised,H_DDS_CrowdRes,51,c_expressions.RlowLid_c,10
Expression,EyeBrowsRaised,H_DDS_CrowdRes,52,c_expressions.LlowLid_c,10
Expression,,h_TeethDown,0,h_teeth.OutMiddle_tg_h,100
Expression,,h_TeethDown,1,h_teeth.CurlUp_Out_tg_h,100
Expression,,h_TeethDown,2,h_teeth.CurlDown_Out_tg_h,100
Expression,,h_TeethDown,3,h_teeth.CurlRight_Out_tg_h,100
Expression,,h_TeethDown,4,h_teeth.CurlLeft_Out_tg_h,100
Expression,,h_TeethDown,5,h_teeth.Compress_tg_h,100
Expression,,h_TeethDown,6,h_teeth.Up_tg_h,100
Expression,,h_TeethDown,7,h_teeth.Right_In_tg_h,100
Expression,,h_TeethDown,8,h_teeth.Left_In_tg_h,100
Expression,,h_TeethDown,9,h_teeth.Throat_In_tg_h,100
Expression,,h_TeethDown,10,h_teeth.RRR_In_tg_h,100
Expression,,h_TeethDown,11,h_teeth.LLL_In_tg_h,100
Expression,,h_TeethDown,12,h_teeth.t_AE_AA_h,100
Expression,,h_TeethDown,13,h_teeth.t_AO_a_h,100
Expression,,h_TeethDown,14,h_teeth.t_Ax_E_h,100
Expression,,h_TeethDown,15,h_teeth.t_TD_I_h,100
Expression,,h_TeethDown,16,h_teeth.t_UH_OO_h,100
Expression,,h_TeethDown,17,h_teeth.t_UW_U_h,100
Expression,,h_TeethDown,18,h_teeth.t_H_EST_h,100
Expression,,h_TeethDown,19,h_teeth.t_FV_h,100
Expression,,h_TeethDown,20,h_teeth.t_S_h,100
Expression,,h_TeethDown,21,h_teeth.t_SH_CH_h,100
Expression,,h_TeethDown,22,h_teeth.t_MPB_h,100
Expression,,h_TeethDown,23,h_teeth.t_KG_h,100
Expression,,h_TeethDown,24,h_teeth.t_JawCompress_h,100
Expression,,h_TeethDown,25,h_teeth.t_Rjaw_h,100
Expression,,h_TeethDown,26,h_teeth.t_Ljaw_h,100
Expression,,h_TeethDown,27,h_teeth.t_JawFront_h,100
Expression,,h_TeethDown,28,h_teeth.t_Chew_h,100
Expression,,h_TeethDown,29,h_teeth.t_MouthOpen_h,100
Expression,,h_TeethDown,30,h_teeth.t_Shout_h,100
Expression,,m_TeethDown,0,m_teeth.OutMiddle_tg_m,100
Expression,,m_TeethDown,1,m_teeth.CurlUp_Out_tg_m,100
Expression,,m_TeethDown,2,m_teeth.CurlDown_Out_tg_m,100
Expression,,m_TeethDown,3,m_teeth.CurlRight_Out_tg_m,100
Expression,,m_TeethDown,4,m_teeth.CurlLeft_Out_tg_m,100
Expression,,m_TeethDown,5,m_teeth.Compress_tg_m,100
Expression,,m_TeethDown,6,m_teeth.Up_tg_m,100
Expression,,m_TeethDown,7,m_teeth.Right_In_tg_m,100
Expression,,m_TeethDown,8,m_teeth.Left_In_tg_m,100
Expression,,m_TeethDown,9,m_teeth.Throat_In_tg_m,100
Expression,,m_TeethDown,10,m_teeth.RRR_In_tg_m,100
Expression,,m_TeethDown,11,m_teeth.LLL_In_tg_m,100
Expression,,m_TeethDown,12,m_teeth.t_AE_AA_m,100
Expression,,m_TeethDown,13,m_teeth.t_AO_a_m,100
Expression,,m_TeethDown,14,m_teeth.t_Ax_E_m,100
Expression,,m_TeethDown,15,m_teeth.t_TD_I_m,100
Expression,,m_TeethDown,16,m_teeth.t_UH_OO_m,100
Expression,,m_TeethDown,17,m_teeth.t_UW_U_m,100
Expression,,m_TeethDown,18,m_teeth.t_H_EST_m,100
Expression,,m_TeethDown,19,m_teeth.t_FV_m,100
Expression,,m_TeethDown,20,m_teeth.t_S_m,100
Expression,,m_TeethDown,21,m_teeth.t_SH_CH_m,100
Expression,,m_TeethDown,22,m_teeth.t_MPB_m,100
Expression,,m_TeethDown,23,m_teeth.t_KG_m,100
Expression,,m_TeethDown,24,m_teeth.t_JawCompress_m,100
Expression,,m_TeethDown,25,m_teeth.t_Rjaw_m,100
Expression,,m_TeethDown,26,m_teeth.t_Ljaw_m,100
Expression,,m_TeethDown,27,m_teeth.t_JawFront_m,100
Expression,,m_TeethDown,28,m_teeth.t_Chew_m,100
Expression,,m_TeethDown,29,m_teeth.t_MouthOpen_m,100
Expression,,m_TeethDown,30,m_teeth.t_Shout_m,100
Expression,,l_TeethDown,0,l_teeth.OutMiddle_tg_l,100
Expression,,l_TeethDown,1,l_teeth.CurlUp_Out_tg_l,100
Expression,,l_TeethDown,2,l_teeth.CurlDown_Out_tg_l,100
Expression,,l_TeethDown,3,l_teeth.CurlRight_Out_tg_l,100
Expression,,l_TeethDown,4,l_teeth.CurlLeft_Out_tg_l,100
Expression,,l_TeethDown,5,l_teeth.Compress_tg_l,100
Expression,,l_TeethDown,6,l_teeth.Up_tg_l,100
Expression,,l_TeethDown,7,l_teeth.Right_In_tg_l,100
Expression,,l_TeethDown,8,l_teeth.Left_In_tg_l,100
Expression,,l_TeethDown,9,l_teeth.Throat_In_tg_l,100
Expression,,l_TeethDown,10,l_teeth.RRR_In_tg_l,100
Expression,,l_TeethDown,11,l_teeth.LLL_In_tg_l,100
Expression,,l_TeethDown,12,l_teeth.t_AE_AA_l,100
Expression,,l_TeethDown,13,l_teeth.t_AO_a_l,100
Expression,,l_TeethDown,14,l_teeth.t_Ax_E_l,100
Expression,,l_TeethDown,15,l_teeth.t_TD_I_l,100
Expression,,l_TeethDown,16,l_teeth.t_UH_OO_l,100
Expression,,l_TeethDown,17,l_teeth.t_UW_U_l,100
Expression,,l_TeethDown,18,l_teeth.t_H_EST_l,100
Expression,,l_TeethDown,19,l_teeth.t_FV_l,100
Expression,,l_TeethDown,20,l_teeth.t_S_l,100
Expression,,l_TeethDown,21,l_teeth.t_SH_CH_l,100
Expression,,l_TeethDown,22,l_teeth.t_MPB_l,100
Expression,,l_TeethDown,23,l_teeth.t_KG_l,100
Expression,,l_TeethDown,24,l_teeth.t_JawCompress_l,100
Expression,,l_TeethDown,25,l_teeth.t_Rjaw_l,100
Expression,,l_TeethDown,26,l_teeth.t_Ljaw_l,100
Expression,,l_TeethDown,27,l_teeth.t_JawFront_l,100
Expression,,l_TeethDown,28,l_teeth.t_Chew_l,100
Expression,,l_TeethDown,29,l_teeth.t_MouthOpen_l,100
Expression,,l_TeethDown,30,l_teeth.t_Shout_l,100
Expression,,c_TeethDown,0,c_teeth.OutMiddle_tg_c,100
Expression,,c_TeethDown,1,c_teeth.CurlUp_Out_tg_c,100
Expression,,c_TeethDown,2,c_teeth.CurlDown_Out_tg_c,100
Expression,,c_TeethDown,3,c_teeth.CurlRight_Out_tg_c,100
Expression,,c_TeethDown,4,c_teeth.CurlLeft_Out_tg_c,100
Expression,,c_TeethDown,5,c_teeth.Compress_tg_c,100
Expression,,c_TeethDown,6,c_teeth.Up_tg_c,100
Expression,,c_TeethDown,7,c_teeth.Right_In_tg_c,100
Expression,,c_TeethDown,8,c_teeth.Left_In_tg_c,100
Expression,,c_TeethDown,9,c_teeth.Throat_In_tg_c,100
Expression,,c_TeethDown,10,c_teeth.RRR_In_tg_c,100
Expression,,c_TeethDown,11,c_teeth.LLL_In_tg_c,100
Expression,,c_TeethDown,12,c_teeth.t_AE_AA_c,100
Expression,,c_TeethDown,13,c_teeth.t_AO_a_c,100
Expression,,c_TeethDown,14,c_teeth.t_Ax_E_c,100
Expression,,c_TeethDown,15,c_teeth.t_TD_I_c,100
Expression,,c_TeethDown,16,c_teeth.t_UH_OO_c,100
Expression,,c_TeethDown,17,c_teeth.t_UW_U_c,100
Expression,,c_TeethDown,18,c_teeth.t_H_EST_c,100
Expression,,c_TeethDown,19,c_teeth.t_FV_c,100
Expression,,c_TeethDown,20,c_teeth.t_S_c,100
Expression,,c_TeethDown,21,c_teeth.t_SH_CH_c,100
Expression,,c_TeethDown,22,c_teeth.t_MPB_c,100
Expression,,c_TeethDown,23,c_teeth.t_KG_c,100
Expression,,c_TeethDown,24,c_teeth.t_JawCompress_c,100
Expression,,c_TeethDown,25,c_teeth.t_Rjaw_c,100
Expression,,c_TeethDown,26,c_teeth.t_Ljaw_c,100
Expression,,c_TeethDown,27,c_teeth.t_JawFront_c,100
Expression,,c_TeethDown,28,c_teeth.t_Chew_c,100
Expression,,c_TeethDown,29,c_teeth.t_MouthOpen_c,100
Expression,,c_TeethDown,30,c_teeth.t_Shout_c,100
Expression,,H_DDS_HighRes,0,h_expressions.AE_AA_h,100
Expression,,H_DDS_HighRes,1,h_expressions.AO_a_h,100
Expression,,H_DDS_HighRes,2,h_expressions.Ax_E_h,100
Expression,,H_DDS_HighRes,3,h_expressions.TD_I_h,100
Expression,,H_DDS_HighRes,4,h_expressions.UH_OO_h,100
Expression,,H_DDS_HighRes,5,h_expressions.UW_U_h,100
Expression,,H_DDS_HighRes,6,h_expressions.H_EST_h,100
Expression,,H_DDS_HighRes,7,h_expressions.FV_h,100
Expression,,H_DDS_HighRes,8,h_expressions.S_h,100
Expression,,H_DDS_HighRes,9,h_expressions.SH_CH_h,100
Expression,,H_DDS_HighRes,10,h_expressions.MPB_Up_h,100
Expression,,H_DDS_HighRes,11,h_expressions.MPB_Down_h,100
Expression,,H_DDS_HighRes,12,h_expressions.KG_h,100
Expression,,H_DDS_HighRes,13,h_expressions.RlipUp_h,100
Expression,,H_DDS_HighRes,14,h_expressions.LlipUp_h,100
Expression,,H_DDS_HighRes,15,h_expressions.RlipDown_h,100
Expression,,H_DDS_HighRes,16,h_expressions.LlipDown_h,100
Expression,,H_DDS_HighRes,17,h_expressions.RlipSide_h,100
Expression,,H_DDS_HighRes,18,h_expressions.LlipSide_h,100
Expression,,H_DDS_HighRes,19,h_expressions.RlipCorner_h,100
Expression,,H_DDS_HighRes,20,h_expressions.LlipCorner_h,100
Expression,,H_DDS_HighRes,21,h_expressions.JawCompress_h,100
Expression,,H_DDS_HighRes,22,h_expressions.Rjaw_h,100
Expression,,H_DDS_HighRes,23,h_expressions.Ljaw_h,100
Expression,,H_DDS_HighRes,24,h_expressions.JawFront_h,100
Expression,,H_DDS_HighRes,25,h_expressions.Chew_h,100
Expression,,H_DDS_HighRes,26,h_expressions.MouthOpen_h,100
Expression,,H_DDS_HighRes,27,h_expressions.Shout_h,100
Expression,,H_DDS_HighRes,28,h_expressions.RsmileClose_h,100
Expression,,H_DDS_HighRes,29,h_expressions.LsmileClose_h,100
Expression,,H_DDS_HighRes,30,h_expressions.RsmileOpen_h,100
Expression,,H_DDS_HighRes,31,h_expressions.LsmileOpen_h,100
Expression,,H_DDS_HighRes,32,h_expressions.RmouthSad_h,100
Expression,,H_DDS_HighRes,33,h_expressions.LmouthSad_h,100
Expression,,H_DDS_HighRes,34,h_expressions.Rdisgust_h,100
Expression,,H_DDS_HighRes,35,h_expressions.Ldisgust_h,100
Expression,,H_DDS_HighRes,36,h_expressions.Kiss_h,100
Expression,,H_DDS_HighRes,37,h_expressions.Rblow_h,100
Expression,,H_DDS_HighRes,38,h_expressions.Lblow_h,100
Expression,,H_DDS_HighRes,39,h_expressions.Chin_h,100
Expression,,H_DDS_HighRes,40,h_expressions.Glotis_h,100
Expression,,H_DDS_HighRes,41,h_expressions.RneckTension_h,100
Expression,,H_DDS_HighRes,42,h_expressions.LneckTension_h,100
Expression,,H_DDS_HighRes,43,h_expressions.Rnostril_h,100
Expression,,H_DDS_HighRes,44,h_expressions.Lnostril_h,100
Expression,,H_DDS_HighRes,45,h_expressions.ReyeClose_h,100
Expression,,H_DDS_HighRes,46,h_expressions.LeyeClose_h,100
Expression,,H_DDS_HighRes,47,h_expressions.ReyeOpen_h,100
Expression,,H_DDS_HighRes,48,h_expressions.LeyeOpen_h,100
Expression,,H_DDS_HighRes,49,h_expressions.Rsquint_h,100
Expression,,H_DDS_HighRes,50,h_expressions.Lsquint_h,100
Expression,,H_DDS_HighRes,51,h_expressions.RlowLid_h,100
Expression,,H_DDS_HighRes,52,h_expressions.LlowLid_h,100
Expression,,H_DDS_HighRes,53,h_expressions.Rsad_h,100
Expression,,H_DDS_HighRes,54,h_expressions.Lsad_h,100
Expression,,H_DDS_HighRes,55,h_expressions.Rpityful_h,100
Expression,,H_DDS_HighRes,56,h_expressions.Lpityful_h,100
Expression,,H_DDS_HighRes,57,h_expressions.RRbrowUp_h,100
Expression,,H_DDS_HighRes,58,h_expressions.RbrowUp_h,100
Expression,,H_DDS_HighRes,59,h_expressions.LbrowUp_h,100
Expression,,H_DDS_HighRes,60,h_expressions.LLbrowUp_h,100
Expression,,H_DDS_HighRes,61,h_expressions.RRbrowDown_h,100
Expression,,H_DDS_HighRes,62,h_expressions.RbrowDown_h,100
Expression,,H_DDS_HighRes,63,h_expressions.LbrowDown_h,100
Expression,,H_DDS_HighRes,64,h_expressions.LLbrowDown_h,100
Expression,,H_DDS_MidRes,0,m_expressions.AE_AA_m,100
Expression,,H_DDS_MidRes,1,m_expressions.AO_a_m,100
Expression,,H_DDS_MidRes,2,m_expressions.Ax_E_m,100
Expression,,H_DDS_MidRes,3,m_expressions.TD_I_m,100
Expression,,H_DDS_MidRes,4,m_expressions.UH_OO_m,100
Expression,,H_DDS_MidRes,5,m_expressions.UW_U_m,100
Expression,,H_DDS_MidRes,6,m_expressions.H_EST_m,100
Expression,,H_DDS_MidRes,7,m_expressions.FV_m,100
Expression,,H_DDS_MidRes,8,m_expressions.S_m,100
Expression,,H_DDS_MidRes,9,m_expressions.SH_CH_m,100
Expression,,H_DDS_MidRes,10,m_expressions.MPB_Up_m,100
Expression,,H_DDS_MidRes,11,m_expressions.MPB_Down_m,100
Expression,,H_DDS_MidRes,12,m_expressions.KG_m,100
Expression,,H_DDS_MidRes,13,m_expressions.RlipUp_m,100
Expression,,H_DDS_MidRes,14,m_expressions.LlipUp_m,100
Expression,,H_DDS_MidRes,15,m_expressions.RlipDown_m,100
Expression,,H_DDS_MidRes,16,m_expressions.LlipDown_m,100
Expression,,H_DDS_MidRes,17,m_expressions.RlipSide_m,100
Expression,,H_DDS_MidRes,18,m_expressions.LlipSide_m,100
Expression,,H_DDS_MidRes,19,m_expressions.RlipCorner_m,100
Expression,,H_DDS_MidRes,20,m_expressions.LlipCorner_m,100
Expression,,H_DDS_MidRes,21,m_expressions.JawCompress_m,100
Expression,,H_DDS_MidRes,22,m_expressions.Rjaw_m,100
Expression,,H_DDS_MidRes,23,m_expressions.Ljaw_m,100
Expression,,H_DDS_MidRes,24,m_expressions.JawFront_m,100
Expression,,H_DDS_MidRes,25,m_expressions.Chew_m,100
Expression,,H_DDS_MidRes,26,m_expressions.MouthOpen_m,100
Expression,,H_DDS_MidRes,27,m_expressions.Shout_m,100
Expression,,H_DDS_MidRes,28,m_expressions.RsmileClose_m,100
Expression,,H_DDS_MidRes,29,m_expressions.LsmileClose_m,100
Expression,,H_DDS_MidRes,30,m_expressions.RsmileOpen_m,100
Expression,,H_DDS_MidRes,31,m_expressions.LsmileOpen_m,100
Expression,,H_DDS_MidRes,32,m_expressions.RmouthSad_m,100
Expression,,H_DDS_MidRes,33,m_expressions.LmouthSad_m,100
Expression,,H_DDS_MidRes,34,m_expressions.Rdisgust_m,100
Expression,,H_DDS_MidRes,35,m_expressions.Ldisgust_m,100
Expression,,H_DDS_MidRes,36,m_expressions.Kiss_m,100
Expression,,H_DDS_MidRes,37,m_expressions.Rblow_m,100
Expression,,H_DDS_MidRes,38,m_expressions.Lblow_m,100
Expression,,H_DDS_MidRes,39,m_expressions.Chin_m,100
Expression,,H_DDS_MidRes,40,m_expressions.Glotis_m,100
Expression,,H_DDS_MidRes,41,m_expressions.RneckTension_m,100
Expression,,H_DDS_MidRes,42,m_expressions.LneckTension_m,100
Expression,,H_DDS_MidRes,43,m_expressions.Rnostril_m,100
Expression,,H_DDS_MidRes,44,m_expressions.Lnostril_m,100
Expression,,H_DDS_MidRes,45,m_expressions.ReyeClose_m,100
Expression,,H_DDS_MidRes,46,m_expressions.LeyeClose_m,100
Expression,,H_DDS_MidRes,47,m_expressions.ReyeOpen_m,100
Expression,,H_DDS_MidRes,48,m_expressions.LeyeOpen_m,100
Expression,,H_DDS_MidRes,49,m_expressions.Rsquint_m,100
Expression,,H_DDS_MidRes,50,m_expressions.Lsquint_m,100
Expression,,H_DDS_MidRes,51,m_expressions.RlowLid_m,100
Expression,,H_DDS_MidRes,52,m_expressions.LlowLid_m,100
Expression,,H_DDS_MidRes,53,m_expressions.Rsad_m,100
Expression,,H_DDS_MidRes,54,m_expressions.Lsad_m,100
Expression,,H_DDS_MidRes,55,m_expressions.Rpityful_m,100
Expression,,H_DDS_MidRes,56,m_expressions.Lpityful_m,100
Expression,,H_DDS_MidRes,57,m_expressions.RRbrowUp_m,100
Expression,,H_DDS_MidRes,58,m_expressions.RbrowUp_m,100
Expression,,H_DDS_MidRes,59,m_expressions.LbrowUp_m,100
Expression,,H_DDS_MidRes,60,m_expressions.LLbrowUp_m,100
Expression,,H_DDS_MidRes,61,m_expressions.RRbrowDown_m,100
Expression,,H_DDS_MidRes,62,m_expressions.RbrowDown_m,100
Expression,,H_DDS_MidRes,63,m_expressions.LbrowDown_m,100
Expression,,H_DDS_MidRes,64,m_expressions.LLbrowDown_m,100
Expression,,H_DDS_LowRes,0,l_expressions.AE_AA_l,100
Expression,,H_DDS_LowRes,1,l_expressions.AO_a_l,100
Expression,,H_DDS_LowRes,2,l_expressions.Ax_E_l,100
Expression,,H_DDS_LowRes,3,l_expressions.TD_I_l,100
Expression,,H_DDS_LowRes,4,l_expressions.UH_OO_l,100
Expression,,H_DDS_LowRes,5,l_expressions.UW_U_l,100
Expression,,H_DDS_LowRes,6,l_expressions.H_EST_l,100
Expression,,H_DDS_LowRes,7,l_expressions.FV_l,100
Expression,,H_DDS_LowRes,8,l_expressions.S_l,100
Expression,,H_DDS_LowRes,9,l_expressions.SH_CH_l,100
Expression,,H_DDS_LowRes,10,l_expressions.MPB_Up_l,100
Expression,,H_DDS_LowRes,11,l_expressions.MPB_Down_l,100
Expression,,H_DDS_LowRes,12,l_expressions.KG_l,100
Expression,,H_DDS_LowRes,13,l_expressions.RlipUp_l,100
Expression,,H_DDS_LowRes,14,l_expressions.LlipUp_l,100
Expression,,H_DDS_LowRes,15,l_expressions.RlipDown_l,100
Expression,,H_DDS_LowRes,16,l_expressions.LlipDown_l,100
Expression,,H_DDS_LowRes,17,l_expressions.RlipSide_l,100
Expression,,H_DDS_LowRes,18,l_expressions.LlipSide_l,100
Expression,,H_DDS_LowRes,19,l_expressions.RlipCorner_l,100
Expression,,H_DDS_LowRes,20,l_expressions.LlipCorner_l,100
Expression,,H_DDS_LowRes,21,l_expressions.JawCompress_l,100
Expression,,H_DDS_LowRes,22,l_expressions.Rjaw_l,100
Expression,,H_DDS_LowRes,23,l_expressions.Ljaw_l,100
Expression,,H_DDS_LowRes,24,l_expressions.JawFront_l,100
Expression,,H_DDS_LowRes,25,l_expressions.Chew_l,100
Expression,,H_DDS_LowRes,26,l_expressions.MouthOpen_l,100
Expression,,H_DDS_LowRes,27,l_expressions.Shout_l,100
Expression,,H_DDS_LowRes,28,l_expressions.RsmileClose_l,100
Expression,,H_DDS_LowRes,29,l_expressions.LsmileClose_l,100
Expression,,H_DDS_LowRes,30,l_expressions.RsmileOpen_l,100
Expression,,H_DDS_LowRes,31,l_expressions.LsmileOpen_l,100
Expression,,H_DDS_LowRes,32,l_expressions.RmouthSad_l,100
Expression,,H_DDS_LowRes,33,l_expressions.LmouthSad_l,100
Expression,,H_DDS_LowRes,34,l_expressions.Rdisgust_l,100
Expression,,H_DDS_LowRes,35,l_expressions.Ldisgust_l,100
Expression,,H_DDS_LowRes,36,l_expressions.Kiss_l,100
Expression,,H_DDS_LowRes,37,l_expressions.Rblow_l,100
Expression,,H_DDS_LowRes,38,l_expressions.Lblow_l,100
Expression,,H_DDS_LowRes,39,l_expressions.Chin_l,100
Expression,,H_DDS_LowRes,40,l_expressions.Glotis_l,100
Expression,,H_DDS_LowRes,41,l_expressions.RneckTension_l,100
Expression,,H_DDS_LowRes,42,l_expressions.LneckTension_l,100
Expression,,H_DDS_LowRes,43,l_expressions.Rnostril_l,100
Expression,,H_DDS_LowRes,44,l_expressions.Lnostril_l,100
Expression,,H_DDS_LowRes,45,l_expressions.ReyeClose_l,100
Expression,,H_DDS_LowRes,46,l_expressions.LeyeClose_l,100
Expression,,H_DDS_LowRes,47,l_expressions.ReyeOpen_l,100
Expression,,H_DDS_LowRes,48,l_expressions.LeyeOpen_l,100
Expression,,H_DDS_LowRes,49,l_expressions.Rsquint_l,100
Expression,,H_DDS_LowRes,50,l_expressions.Lsquint_l,100
Expression,,H_DDS_LowRes,51,l_expressions.RlowLid_l,100
Expression,,H_DDS_LowRes,52,l_expressions.LlowLid_l,100
Expression,,H_DDS_LowRes,53,l_expressions.Rsad_l,100
Expression,,H_DDS_LowRes,54,l_expressions.Lsad_l,100
Expression,,H_DDS_LowRes,55,l_expressions.Rpityful_l,100
Expression,,H_DDS_LowRes,56,l_expressions.Lpityful_l,100
Expression,,H_DDS_LowRes,57,l_expressions.RRbrowUp_l,100
Expression,,H_DDS_LowRes,58,l_expressions.RbrowUp_l,100
Expression,,H_DDS_LowRes,59,l_expressions.LbrowUp_l,100
Expression,,H_DDS_LowRes,60,l_expressions.LLbrowUp_l,100
Expression,,H_DDS_LowRes,61,l_expressions.RRbrowDown_l,100
Expression,,H_DDS_LowRes,62,l_expressions.RbrowDown_l,100
Expression,,H_DDS_LowRes,63,l_expressions.LbrowDown_l,100
Expression,,H_DDS_LowRes,64,l_expressions.LLbrowDown_l,100
Expression,,H_DDS_CrowdRes,0,c_expressions.AE_AA_c,100
Expression,,H_DDS_CrowdRes,1,c_expressions.AO_a_c,100
Expression,,H_DDS_CrowdRes,2,c_expressions.Ax_E_c,100
Expression,,H_DDS_CrowdRes,3,c_expressions.TD_I_c,100
Expression,,H_DDS_CrowdRes,4,c_expressions.UH_OO_c,100
Expression,,H_DDS_CrowdRes,5,c_expressions.UW_U_c,100
Expression,,H_DDS_CrowdRes,6,c_expressions.H_EST_c,100
Expression,,H_DDS_CrowdRes,7,c_expressions.FV_c,100
Expression,,H_DDS_CrowdRes,8,c_expressions.S_c,100
Expression,,H_DDS_CrowdRes,9,c_expressions.SH_CH_c,100
Expression,,H_DDS_CrowdRes,10,c_expressions.MPB_Up_c,100
Expression,,H_DDS_CrowdRes,11,c_expressions.MPB_Down_c,100
Expression,,H_DDS_CrowdRes,12,c_expressions.KG_c,100
Expression,,H_DDS_CrowdRes,13,c_expressions.RlipUp_c,100
Expression,,H_DDS_CrowdRes,14,c_expressions.LlipUp_c,100
Expression,,H_DDS_CrowdRes,15,c_expressions.RlipDown_c,100
Expression,,H_DDS_CrowdRes,16,c_expressions.LlipDown_c,100
Expression,,H_DDS_CrowdRes,17,c_expressions.RlipSide_c,100
Expression,,H_DDS_CrowdRes,18,c_expressions.LlipSide_c,100
Expression,,H_DDS_CrowdRes,19,c_expressions.RlipCorner_c,100
Expression,,H_DDS_CrowdRes,20,c_expressions.LlipCorner_c,100
Expression,,H_DDS_CrowdRes,21,c_expressions.JawCompress_c,100
Expression,,H_DDS_CrowdRes,22,c_expressions.Rjaw_c,100
Expression,,H_DDS_CrowdRes,23,c_expressions.Ljaw_c,100
Expression,,H_DDS_CrowdRes,24,c_expressions.JawFront_c,100
Expression,,H_DDS_CrowdRes,25,c_expressions.Chew_c,100
Expression,,H_DDS_CrowdRes,26,c_expressions.MouthOpen_c,100
Expression,,H_DDS_CrowdRes,27,c_expressions.Shout_c,100
Expression,,H_DDS_CrowdRes,28,c_expressions.RsmileClose_c,100
Expression,,H_DDS_CrowdRes,29,c_expressions.LsmileClose_c,100
Expression,,H_DDS_CrowdRes,30,c_expressions.RsmileOpen_c,100
Expression,,H_DDS_CrowdRes,31,c_expressions.LsmileOpen_c,100
Expression,,H_DDS_CrowdRes,32,c_expressions.RmouthSad_c,100
Expression,,H_DDS_CrowdRes,33,c_expressions.LmouthSad_c,100
Expression,,H_DDS_CrowdRes,34,c_expressions.Rdisgust_c,100
Expression,,H_DDS_CrowdRes,35,c_expressions.Ldisgust_c,100
Expression,,H_DDS_CrowdRes,36,c_expressions.Kiss_c,100
Expression,,H_DDS_CrowdRes,37,c_expressions.Rblow_c,100
Expression,,H_DDS_CrowdRes,38,c_expressions.Lblow_c,100
Expression,,H_DDS_CrowdRes,39,c_expressions.Chin_c,100
Expression,,H_DDS_CrowdRes,40,c_expressions.Glotis_c,100
Expression,,H_DDS_CrowdRes,41,c_expressions.RneckTension_c,100
Expression,,H_DDS_CrowdRes,42,c_expressions.LneckTension_c,100
Expression,,H_DDS_CrowdRes,43,c_expressions.Rnostril_c,100
Expression,,H_DDS_CrowdRes,44,c_expressions.Lnostril_c,100
Expression,,H_DDS_CrowdRes,45,c_expressions.ReyeClose_c,100
Expression,,H_DDS_CrowdRes,46,c_expressions.LeyeClose_c,100
Expression,,H_DDS_CrowdRes,47,c_expressions.ReyeOpen_c,100
Expression,,H_DDS_CrowdRes,48,c_expressions.LeyeOpen_c,100
Expression,,H_DDS_CrowdRes,49,c_expressions.Rsquint_c,100
Expression,,H_DDS_CrowdRes,50,c_expressions.Lsquint_c,100
Expression,,H_DDS_CrowdRes,51,c_expressions.RlowLid_c,100
Expression,,H_DDS_CrowdRes,52,c_expressions.LlowLid_c,100
Expression,,H_DDS_CrowdRes,53,c_expressions.Rsad_c,100
Expression,,H_DDS_CrowdRes,54,c_expressions.Lsad_c,100
Expression,,H_DDS_CrowdRes,55,c_expressions.Rpityful_c,100
Expression,,H_DDS_CrowdRes,56,c_expressions.Lpityful_c,100
Expression,,H_DDS_CrowdRes,57,c_expressions.RRbrowUp_c,100
Expression,,H_DDS_CrowdRes,58,c_expressions.RbrowUp_c,100
Expression,,H_DDS_CrowdRes,59,c_expressions.LbrowUp_c,100
Expression,,H_DDS_CrowdRes,60,c_expressions.LLbrowUp_c,100
Expression,,H_DDS_CrowdRes,61,c_expressions.RRbrowDown_c,100
Expression,,H_DDS_CrowdRes,62,c_expressions.RbrowDown_c,100
Expression,,H_DDS_CrowdRes,63,c_expressions.LbrowDown_c,100
Expression,,H_DDS_CrowdRes,64,c_expressions.LLbrowDown_c,100
English,SIL,h_TeethDown,12,h_teeth.t_AE_AA_h,0
English,SIL,h_TeethDown,13,h_teeth.t_AO_a_h,0
English,SIL,h_TeethDown,14,h_teeth.t_Ax_E_h,0
English,SIL,h_TeethDown,15,h_teeth.t_TD_I_h,0
English,SIL,h_TeethDown,16,h_teeth.t_UH_OO_h,0
English,SIL,h_TeethDown,17,h_teeth.t_UW_U_h,0
English,SIL,h_TeethDown,18,h_teeth.t_H_EST_h,0
English,SIL,h_TeethDown,19,h_teeth.t_FV_h,0
English,SIL,h_TeethDown,20,h_teeth.t_S_h,0
English,SIL,h_TeethDown,21,h_teeth.t_SH_CH_h,0
English,SIL,h_TeethDown,22,h_teeth.t_MPB_h,0
English,SIL,h_TeethDown,23,h_teeth.t_KG_h,0
English,SIL,m_TeethDown,12,m_teeth.t_AE_AA_m,0
English,SIL,m_TeethDown,13,m_teeth.t_AO_a_m,0
English,SIL,m_TeethDown,14,m_teeth.t_Ax_E_m,0
English,SIL,m_TeethDown,15,m_teeth.t_TD_I_m,0
English,SIL,m_TeethDown,16,m_teeth.t_UH_OO_m,0
English,SIL,m_TeethDown,17,m_teeth.t_UW_U_m,0
English,SIL,m_TeethDown,18,m_teeth.t_H_EST_m,0
English,SIL,m_TeethDown,19,m_teeth.t_FV_m,0
English,SIL,m_TeethDown,20,m_teeth.t_S_m,0
English,SIL,m_TeethDown,21,m_teeth.t_SH_CH_m,0
English,SIL,m_TeethDown,22,m_teeth.t_MPB_m,0
English,SIL,m_TeethDown,23,m_teeth.t_KG_m,0
English,SIL,l_TeethDown,12,l_teeth.t_AE_AA_l,0
English,SIL,l_TeethDown,13,l_teeth.t_AO_a_l,0
English,SIL,l_TeethDown,14,l_teeth.t_Ax_E_l,0
English,SIL,l_TeethDown,15,l_teeth.t_TD_I_l,0
English,SIL,l_TeethDown,16,l_teeth.t_UH_OO_l,0
English,SIL,l_TeethDown,17,l_teeth.t_UW_U_l,0
English,SIL,l_TeethDown,18,l_teeth.t_H_EST_l,0
English,SIL,l_TeethDown,19,l_teeth.t_FV_l,0
English,SIL,l_TeethDown,20,l_teeth.t_S_l,0
English,SIL,l_TeethDown,21,l_teeth.t_SH_CH_l,0
English,SIL,l_TeethDown,22,l_teeth.t_MPB_l,0
English,SIL,l_TeethDown,23,l_teeth.t_KG_l,0
English,SIL,c_TeethDown,12,c_teeth.t_AE_AA_c,0
English,SIL,c_TeethDown,13,c_teeth.t_AO_a_c,0
English,SIL,c_TeethDown,14,c_teeth.t_Ax_E_c,0
English,SIL,c_TeethDown,15,c_teeth.t_TD_I_c,0
English,SIL,c_TeethDown,16,c_teeth.t_UH_OO_c,0
English,SIL,c_TeethDown,17,c_teeth.t_UW_U_c,0
English,SIL,c_TeethDown,18,c_teeth.t_H_EST_c,0
English,SIL,c_TeethDown,19,c_teeth.t_FV_c,0
English,SIL,c_TeethDown,20,c_teeth.t_S_c,0
English,SIL,c_TeethDown,21,c_teeth.t_SH_CH_c,0
English,SIL,c_TeethDown,22,c_teeth.t_MPB_c,0
English,SIL,c_TeethDown,23,c_teeth.t_KG_c,0
English,SIL,H_DDS_HighRes,0,h_expressions.AE_AA_h,0
English,SIL,H_DDS_HighRes,1,h_expressions.AO_a_h,0
English,SIL,H_DDS_HighRes,2,h_expressions.Ax_E_h,0
English,SIL,H_DDS_HighRes,3,h_expressions.TD_I_h,0
English,SIL,H_DDS_HighRes,4,h_expressions.UH_OO_h,0
English,SIL,H_DDS_HighRes,5,h_expressions.UW_U_h,0
English,SIL,H_DDS_HighRes,6,h_expressions.H_EST_h,0
English,SIL,H_DDS_HighRes,7,h_expressions.FV_h,0
English,SIL,H_DDS_HighRes,8,h_expressions.S_h,0
English,SIL,H_DDS_HighRes,9,h_expressions.SH_CH_h,0
English,SIL,H_DDS_HighRes,10,h_expressions.MPB_Up_h,0
English,SIL,H_DDS_HighRes,11,h_expressions.MPB_Down_h,0
English,SIL,H_DDS_HighRes,12,h_expressions.KG_h,0
English,SIL,H_DDS_MidRes,0,m_expressions.AE_AA_m,0
English,SIL,H_DDS_MidRes,1,m_expressions.AO_a_m,0
English,SIL,H_DDS_MidRes,2,m_expressions.Ax_E_m,0
English,SIL,H_DDS_MidRes,3,m_expressions.TD_I_m,0
English,SIL,H_DDS_MidRes,4,m_expressions.UH_OO_m,0
English,SIL,H_DDS_MidRes,5,m_expressions.UW_U_m,0
English,SIL,H_DDS_MidRes,6,m_expressions.H_EST_m,0
English,SIL,H_DDS_MidRes,7,m_expressions.FV_m,0
English,SIL,H_DDS_MidRes,8,m_expressions.S_m,0
English,SIL,H_DDS_MidRes,9,m_expressions.SH_CH_m,0
English,SIL,H_DDS_MidRes,10,m_expressions.MPB_Up_m,0
English,SIL,H_DDS_MidRes,11,m_expressions.MPB_Down_m,0
English,SIL,H_DDS_MidRes,12,m_expressions.KG_m,0
English,SIL,H_DDS_LowRes,0,l_expressions.AE_AA_l,0
English,SIL,H_DDS_LowRes,1,l_expressions.AO_a_l,0
English,SIL,H_DDS_LowRes,2,l_expressions.Ax_E_l,0
English,SIL,H_DDS_LowRes,3,l_expressions.TD_I_l,0
English,SIL,H_DDS_LowRes,4,l_expressions.UH_OO_l,0
English,SIL,H_DDS_LowRes,5,l_expressions.UW_U_l,0
English,SIL,H_DDS_LowRes,6,l_expressions.H_EST_l,0
English,SIL,H_DDS_LowRes,7,l_expressions.FV_l,0
English,SIL,H_DDS_LowRes,8,l_expressions.S_l,0
English,SIL,H_DDS_LowRes,9,l_expressions.SH_CH_l,0
English,SIL,H_DDS_LowRes,10,l_expressions.MPB_Up_l,0
English,SIL,H_DDS_LowRes,11,l_expressions.MPB_Down_l,0
English,SIL,H_DDS_LowRes,12,l_expressions.KG_l,0
English,SIL,H_DDS_CrowdRes,0,c_expressions.AE_AA_c,0
English,SIL,H_DDS_CrowdRes,1,c_expressions.AO_a_c,0
English,SIL,H_DDS_CrowdRes,2,c_expressions.Ax_E_c,0
English,SIL,H_DDS_CrowdRes,3,c_expressions.TD_I_c,0
English,SIL,H_DDS_CrowdRes,4,c_expressions.UH_OO_c,0
English,SIL,H_DDS_CrowdRes,5,c_expressions.UW_U_c,0
English,SIL,H_DDS_CrowdRes,6,c_expressions.H_EST_c,0
English,SIL,H_DDS_CrowdRes,7,c_expressions.FV_c,0
English,SIL,H_DDS_CrowdRes,8,c_expressions.S_c,0
English,SIL,H_DDS_CrowdRes,9,c_expressions.SH_CH_c,0
English,SIL,H_DDS_CrowdRes,10,c_expressions.MPB_Up_c,0
English,SIL,H_DDS_CrowdRes,11,c_expressions.MPB_Down_c,0
English,SIL,H_DDS_CrowdRes,12,c_expressions.KG_c,0
English,AA,h_TeethDown,12,h_teeth.t_AE_AA_h,80
English,AA,m_TeethDown,12,m_teeth.t_AE_AA_m,80
English,AA,l_TeethDown,12,l_teeth.t_AE_AA_l,80
English,AA,c_TeethDown,12,c_teeth.t_AE_AA_c,80
English,AA,H_DDS_HighRes,0,h_expressions.AE_AA_h,80
English,AA,H_DDS_MidRes,0,m_expressions.AE_AA_m,80
English,AA,H_DDS_LowRes,0,l_expressions.AE_AA_l,80
English,AA,H_DDS_CrowdRes,0,c_expressions.AE_AA_c,80
English,AE,h_TeethDown,12,h_teeth.t_AE_AA_h,80
English,AE,m_TeethDown,12,m_teeth.t_AE_AA_m,80
English,AE,l_TeethDown,12,l_teeth.t_AE_AA_l,80
English,AE,c_TeethDown,12,c_teeth.t_AE_AA_c,80
English,AE,H_DDS_HighRes,0,h_expressions.AE_AA_h,80
English,AE,H_DDS_MidRes,0,m_expressions.AE_AA_m,80
English,AE,H_DDS_LowRes,0,l_expressions.AE_AA_l,80
English,AE,H_DDS_CrowdRes,0,c_expressions.AE_AA_c,80
English,AH,h_TeethDown,13,h_teeth.t_AO_a_h,80
English,AH,m_TeethDown,13,m_teeth.t_AO_a_m,80
English,AH,l_TeethDown,13,l_teeth.t_AO_a_l,80
English,AH,c_TeethDown,13,c_teeth.t_AO_a_c,80
English,AH,H_DDS_HighRes,1,h_expressions.AO_a_h,80
English,AH,H_DDS_MidRes,1,m_expressions.AO_a_m,80
English,AH,H_DDS_LowRes,1,l_expressions.AO_a_l,80
English,AH,H_DDS_CrowdRes,1,c_expressions.AO_a_c,80
English,AO,h_TeethDown,13,h_teeth.t_AO_a_h,80
English,AO,m_TeethDown,13,m_teeth.t_AO_a_m,80
English,AO,l_TeethDown,13,l_teeth.t_AO_a_l,80
English,AO,c_TeethDown,13,c_teeth.t_AO_a_c,80
English,AO,H_DDS_HighRes,1,h_expressions.AO_a_h,80
English,AO,H_DDS_MidRes,1,m_expressions.AO_a_m,80
English,AO,H_DDS_LowRes,1,l_expressions.AO_a_l,80
English,AO,H_DDS_CrowdRes,1,c_expressions.AO_a_c,80
English,AW,h_TeethDown,16,h_teeth.t_UH_OO_h,90
English,AW,m_TeethDown,16,m_teeth.t_UH_OO_m,90
English,AW,l_TeethDown,16,l_teeth.t_UH_OO_l,90
English,AW,c_TeethDown,16,c_teeth.t_UH_OO_c,90
English,AW,H_DDS_HighRes,4,h_expressions.UH_OO_h,90
English,AW,H_DDS_MidRes,4,m_expressions.UH_OO_m,90
English,AW,H_DDS_LowRes,4,l_expressions.UH_OO_l,90
English,AW,H_DDS_CrowdRes,4,c_expressions.UH_OO_c,90
English,AY,h_TeethDown,14,h_teeth.t_Ax_E_h,80
English,AY,m_TeethDown,14,m_teeth.t_Ax_E_m,80
English,AY,l_TeethDown,14,l_teeth.t_Ax_E_l,80
English,AY,c_TeethDown,14,c_teeth.t_Ax_E_c,80
English,AY,H_DDS_HighRes,2,h_expressions.Ax_E_h,80
English,AY,H_DDS_MidRes,2,m_expressions.Ax_E_m,80
English,AY,H_DDS_LowRes,2,l_expressions.Ax_E_l,80
English,AY,H_DDS_CrowdRes,2,c_expressions.Ax_E_c,80
English,B,h_TeethDown,22,h_teeth.t_MPB_h,100
English,B,m_TeethDown,22,m_teeth.t_MPB_m,100
English,B,l_TeethDown,22,l_teeth.t_MPB_l,100
English,B,c_TeethDown,22,c_teeth.t_MPB_c,100
English,B,H_DDS_HighRes,10,h_expressions.MPB_Up_h,100
English,B,H_DDS_HighRes,11,h_expressions.MPB_Down_h,100
English,B,H_DDS_MidRes,10,m_expressions.MPB_Up_m,100
English,B,H_DDS_MidRes,11,m_expressions.MPB_Down_m,100
English,B,H_DDS_LowRes,10,l_expressions.MPB_Up_l,100
English,B,H_DDS_LowRes,11,l_expressions.MPB_Down_l,100
English,B,H_DDS_CrowdRes,10,c_expressions.MPB_Up_c,100
English,B,H_DDS_CrowdRes,11,c_expressions.MPB_Down_c,100
English,CH,h_TeethDown,21,h_teeth.t_SH_CH_h,90
English,CH,m_TeethDown,21,m_teeth.t_SH_CH_m,90
English,CH,l_TeethDown,21,l_teeth.t_SH_CH_l,90
English,CH,c_TeethDown,21,c_teeth.t_SH_CH_c,90
English,CH,H_DDS_HighRes,9,h_expressions.SH_CH_h,90
English,CH,H_DDS_MidRes,9,m_expressions.SH_CH_m,90
English,CH,H_DDS_LowRes,9,l_expressions.SH_CH_l,90
English,CH,H_DDS_CrowdRes,9,c_expressions.SH_CH_c,90
English,D,h_TeethDown,15,h_teeth.t_TD_I_h,90
English,D,m_TeethDown,15,m_teeth.t_TD_I_m,90
English,D,l_TeethDown,15,l_teeth.t_TD_I_l,90
English,D,c_TeethDown,15,c_teeth.t_TD_I_c,90
English,D,H_DDS_HighRes,3,h_expressions.TD_I_h,90
English,D,H_DDS_MidRes,3,m_expressions.TD_I_m,90
English,D,H_DDS_LowRes,3,l_expressions.TD_I_l,90
English,D,H_DDS_CrowdRes,3,c_expressions.TD_I_c,90
English,DH,h_TeethDown,15,h_teeth.t_TD_I_h,90
English,DH,m_TeethDown,15,m_teeth.t_TD_I_m,90
English,DH,l_TeethDown,15,l_teeth.t_TD_I_l,90
English,DH,c_TeethDown,15,c_teeth.t_TD_I_c,90
English,DH,H_DDS_HighRes,3,h_expressions.TD_I_h,90
English,DH,H_DDS_MidRes,3,m_expressions.TD_I_m,90
English,DH,H_DDS_LowRes,3,l_expressions.TD_I_l,90
English,DH,H_DDS_CrowdRes,3,c_expressions.TD_I_c,90
English,EH,h_TeethDown,14,h_teeth.t_Ax_E_h,80
English,EH,m_TeethDown,14,m_teeth.t_Ax_E_m,80
English,EH,l_TeethDown,14,l_teeth.t_Ax_E_l,80
English,EH,c_TeethDown,14,c_teeth.t_Ax_E_c,80
English,EH,H_DDS_HighRes,2,h_expressions.Ax_E_h,80
English,EH,H_DDS_MidRes,2,m_expressions.Ax_E_m,80
English,EH,H_DDS_LowRes,2,l_expressions.Ax_E_l,80
English,EH,H_DDS_CrowdRes,2,c_expressions.Ax_E_c,80
English,ER,h_TeethDown,17,h_teeth.t_UW_U_h,90
English,ER,m_TeethDown,17,m_teeth.t_UW_U_m,90
English,ER,l_TeethDown,17,l_teeth.t_UW_U_l,90
English,ER,c_TeethDown,17,c_teeth.t_UW_U_c,90
English,ER,H_DDS_HighRes,5,h_expressions.UW_U_h,90
English,ER,H_DDS_MidRes,5,m_expressions.UW_U_m,90
English,ER,H_DDS_LowRes,5,l_expressions.UW_U_l,90
English,ER,H_DDS_CrowdRes,5,c_expressions.UW_U_c,90
English,EY,h_TeethDown,18,h_teeth.t_H_EST_h,90
English,EY,m_TeethDown,18,m_teeth.t_H_EST_m,90
English,EY,l_TeethDown,18,l_teeth.t_H_EST_l,90
English,EY,c_TeethDown,18,c_teeth.t_H_EST_c,90
English,EY,H_DDS_HighRes,6,h_expressions.H_EST_h,90
English,EY,H_DDS_MidRes,6,m_expressions.H_EST_m,90
English,EY,H_DDS_LowRes,6,l_expressions.H_EST_l,90
English,EY,H_DDS_CrowdRes,6,c_expressions.H_EST_c,90
English,F,h_TeethDown,19,h_teeth.t_FV_h,100
English,F,m_TeethDown,19,m_teeth.t_FV_m,100
English,F,l_TeethDown,19,l_teeth.t_FV_l,100
English,F,c_TeethDown,19,c_teeth.t_FV_c,100
English,F,H_DDS_HighRes,7,h_expressions.FV_h,100
English,F,H_DDS_MidRes,7,m_expressions.FV_m,100
English,F,H_DDS_LowRes,7,l_expressions.FV_l,100
English,F,H_DDS_CrowdRes,7,c_expressions.FV_c,100
English,G,h_TeethDown,23,h_teeth.t_KG_h,90
English,G,m_TeethDown,23,m_teeth.t_KG_m,90
English,G,l_TeethDown,23,l_teeth.t_KG_l,90
English,G,c_TeethDown,23,c_teeth.t_KG_c,90
English,G,H_DDS_HighRes,12,h_expressions.KG_h,90
English,G,H_DDS_MidRes,12,m_expressions.KG_m,90
English,G,H_DDS_LowRes,12,l_expressions.KG_l,90
English,G,H_DDS_CrowdRes,12,c_expressions.KG_c,90
English,HH,h_TeethDown,18,h_teeth.t_H_EST_h,90
English,HH,m_TeethDown,18,m_teeth.t_H_EST_m,90
English,HH,l_TeethDown,18,l_teeth.t_H_EST_l,90
English,HH,c_TeethDown,18,c_teeth.t_H_EST_c,90
English,HH,H_DDS_HighRes,6,h_expressions.H_EST_h,90
English,HH,H_DDS_MidRes,6,m_expressions.H_EST_m,90
English,HH,H_DDS_LowRes,6,l_expressions.H_EST_l,90
English,HH,H_DDS_CrowdRes,6,c_expressions.H_EST_c,90
English,IH,h_TeethDown,15,h_teeth.t_TD_I_h,90
English,IH,m_TeethDown,15,m_teeth.t_TD_I_m,90
English,IH,l_TeethDown,15,l_teeth.t_TD_I_l,90
English,IH,c_TeethDown,15,c_teeth.t_TD_I_c,90
English,IH,H_DDS_HighRes,3,h_expressions.TD_I_h,90
English,IH,H_DDS_MidRes,3,m_expressions.TD_I_m,90
English,IH,H_DDS_LowRes,3,l_expressions.TD_I_l,90
English,IH,H_DDS_CrowdRes,3,c_expressions.TD_I_c,90
English,IY,h_TeethDown,15,h_teeth.t_TD_I_h,90
English,IY,m_TeethDown,15,m_teeth.t_TD_I_m,90
English,IY,l_TeethDown,15,l_teeth.t_TD_I_l,90
English,IY,c_TeethDown,15,c_teeth.t_TD_I_c,90
English,IY,H_DDS_HighRes,3,h_expressions.TD_I_h,90
English,IY,H_DDS_MidRes,3,m_expressions.TD_I_m,90
English,IY,H_DDS_LowRes,3,l_expressions.TD_I_l,90
English,IY,H_DDS_CrowdRes,3,c_expressions.TD_I_c,90
English,JH,h_TeethDown,21,h_teeth.t_SH_CH_h,90
English,JH,m_TeethDown,21,m_teeth.t_SH_CH_m,90
English,JH,l_TeethDown,21,l_teeth.t_SH_CH_l,90
English,JH,c_TeethDown,21,c_teeth.t_SH_CH_c,90
English,JH,H_DDS_HighRes,9,h_expressions.SH_CH_h,90
English,JH,H_DDS_MidRes,9,m_expressions.SH_CH_m,90
English,JH,H_DDS_LowRes,9,l_expressions.SH_CH_l,90
English,JH,H_DDS_CrowdRes,9,c_expressions.SH_CH_c,90
English,K,h_TeethDown,23,h_teeth.t_KG_h,90
English,K,m_TeethDown,23,m_teeth.t_KG_m,90
English,K,l_TeethDown,23,l_teeth.t_KG_l,90
English,K,c_TeethDown,23,c_teeth.t_KG_c,90
English,K,H_DDS_HighRes,12,h_expressions.KG_h,90
English,K,H_DDS_MidRes,12,m_expressions.KG_m,90
English,K,H_DDS_LowRes,12,l_expressions.KG_l,90
English,K,H_DDS_CrowdRes,12,c_expressions.KG_c,90
English,L,h_TeethDown,20,h_teeth.t_S_h,100
English,L,m_TeethDown,20,m_teeth.t_S_m,100
English,L,l_TeethDown,20,l_teeth.t_S_l,100
English,L,c_TeethDown,20,c_teeth.t_S_c,100
English,L,H_DDS_HighRes,8,h_expressions.S_h,100
English,L,H_DDS_MidRes,8,m_expressions.S_m,100
English,L,H_DDS_LowRes,8,l_expressions.S_l,100
English,L,H_DDS_CrowdRes,8,c_expressions.S_c,100
English,M,h_TeethDown,22,h_teeth.t_MPB_h,100
English,M,m_TeethDown,22,m_teeth.t_MPB_m,100
English,M,l_TeethDown,22,l_teeth.t_MPB_l,100
English,M,c_TeethDown,22,c_teeth.t_MPB_c,100
English,M,H_DDS_HighRes,10,h_expressions.MPB_Up_h,100
English,M,H_DDS_HighRes,11,h_expressions.MPB_Down_h,100
English,M,H_DDS_MidRes,10,m_expressions.MPB_Up_m,100
English,M,H_DDS_MidRes,11,m_expressions.MPB_Down_m,100
English,M,H_DDS_LowRes,10,l_expressions.MPB_Up_l,100
English,M,H_DDS_LowRes,11,l_expressions.MPB_Down_l,100
English,M,H_DDS_CrowdRes,10,c_expressions.MPB_Up_c,100
English,M,H_DDS_CrowdRes,11,c_expressions.MPB_Down_c,100
English,N,h_TeethDown,20,h_teeth.t_S_h,100
English,N,m_TeethDown,20,m_teeth.t_S_m,100
English,N,l_TeethDown,20,l_teeth.t_S_l,100
English,N,c_TeethDown,20,c_teeth.t_S_c,100
English,N,H_DDS_HighRes,8,h_expressions.S_h,100
English,N,H_DDS_MidRes,8,m_expressions.S_m,100
English,N,H_DDS_LowRes,8,l_expressions.S_l,100
English,N,H_DDS_CrowdRes,8,c_expressions.S_c,100
English,NG,h_TeethDown,23,h_teeth.t_KG_h,90
English,NG,m_TeethDown,23,m_teeth.t_KG_m,90
English,NG,l_TeethDown,23,l_teeth.t_KG_l,90
English,NG,c_TeethDown,23,c_teeth.t_KG_c,90
English,NG,H_DDS_HighRes,12,h_expressions.KG_h,90
English,NG,H_DDS_MidRes,12,m_expressions.KG_m,90
English,NG,H_DDS_LowRes,12,l_expressions.KG_l,90
English,NG,H_DDS_CrowdRes,12,c_expressions.KG_c,90
English,OW,h_TeethDown,16,h_teeth.t_UH_OO_h,90
English,OW,m_TeethDown,16,m_teeth.t_UH_OO_m,90
English,OW,l_TeethDown,16,l_teeth.t_UH_OO_l,90
English,OW,c_TeethDown,16,c_teeth.t_UH_OO_c,90
English,OW,H_DDS_HighRes,4,h_expressions.UH_OO_h,90
English,OW,H_DDS_MidRes,4,m_expressions.UH_OO_m,90
English,OW,H_DDS_LowRes,4,l_expressions.UH_OO_l,90
English,OW,H_DDS_CrowdRes,4,c_expressions.UH_OO_c,90
English,OY,h_TeethDown,16,h_teeth.t_UH_OO_h,90
English,OY,m_TeethDown,16,m_teeth.t_UH_OO_m,90
English,OY,l_TeethDown,16,l_teeth.t_UH_OO_l,90
English,OY,c_TeethDown,16,c_teeth.t_UH_OO_c,90
English,OY,H_DDS_HighRes,4,h_expressions.UH_OO_h,90
English,OY,H_DDS_MidRes,4,m_expressions.UH_OO_m,90
English,OY,H_DDS_LowRes,4,l_expressions.UH_OO_l,90
English,OY,H_DDS_CrowdRes,4,c_expressions.UH_OO_c,90
English,P,h_TeethDown,22,h_teeth.t_MPB_h,100
English,P,m_TeethDown,22,m_teeth.t_MPB_m,100
English,P,l_TeethDown,22,l_teeth.t_MPB_l,100
English,P,c_TeethDown,22,c_teeth.t_MPB_c,100
English,P,H_DDS_HighRes,10,h_expressions.MPB_Up_h,100
English,P,H_DDS_HighRes,11,h_expressions.MPB_Down_h,100
English,P,H_DDS_MidRes,10,m_expressions.MPB_Up_m,100
English,P,H_DDS_MidRes,11,m_expressions.MPB_Down_m,100
English,P,H_DDS_LowRes,10,l_expressions.MPB_Up_l,100
English,P,H_DDS_LowRes,11,l_expressions.MPB_Down_l,100
English,P,H_DDS_CrowdRes,10,c_expressions.MPB_Up_c,100
English,P,H_DDS_CrowdRes,11,c_expressions.MPB_Down_c,100
English,R,h_TeethDown,17,h_teeth.t_UW_U_h,90
English,R,m_TeethDown,17,m_teeth.t_UW_U_m,90
English,R,l_TeethDown,17,l_teeth.t_UW_U_l,90
English,R,c_TeethDown,17,c_teeth.t_UW_U_c,90
English,R,H_DDS_HighRes,5,h_expressions.UW_U_h,90
English,R,H_DDS_MidRes,5,m_expressions.UW_U_m,90
English,R,H_DDS_LowRes,5,l_expressions.UW_U_l,90
English,R,H_DDS_CrowdRes,5,c_expressions.UW_U_c,90
English,S,h_TeethDown,20,h_teeth.t_S_h,100
English,S,m_TeethDown,20,m_teeth.t_S_m,100
English,S,l_TeethDown,20,l_teeth.t_S_l,100
English,S,c_TeethDown,20,c_teeth.t_S_c,100
English,S,H_DDS_HighRes,8,h_expressions.S_h,100
English,S,H_DDS_MidRes,8,m_expressions.S_m,100
English,S,H_DDS_LowRes,8,l_expressions.S_l,100
English,S,H_DDS_CrowdRes,8,c_expressions.S_c,100
English,SH,h_TeethDown,21,h_teeth.t_SH_CH_h,90
English,SH,m_TeethDown,21,m_teeth.t_SH_CH_m,90
English,SH,l_TeethDown,21,l_teeth.t_SH_CH_l,90
English,SH,c_TeethDown,21,c_teeth.t_SH_CH_c,90
English,SH,H_DDS_HighRes,9,h_expressions.SH_CH_h,90
English,SH,H_DDS_MidRes,9,m_expressions.SH_CH_m,90
English,SH,H_DDS_LowRes,9,l_expressions.SH_CH_l,90
English,SH,H_DDS_CrowdRes,9,c_expressions.SH_CH_c,90
English,T,h_TeethDown,20,h_teeth.t_S_h,100
English,T,m_TeethDown,20,m_teeth.t_S_m,100
English,T,l_TeethDown,20,l_teeth.t_S_l,100
English,T,c_TeethDown,20,c_teeth.t_S_c,100
English,T,H_DDS_HighRes,8,h_expressions.S_h,100
English,T,H_DDS_MidRes,8,m_expressions.S_m,100
English,T,H_DDS_LowRes,8,l_expressions.S_l,100
English,T,H_DDS_CrowdRes,8,c_expressions.S_c,100
English,TH,h_TeethDown,21,h_teeth.t_SH_CH_h,90
English,TH,m_TeethDown,21,m_teeth.t_SH_CH_m,90
English,TH,l_TeethDown,21,l_teeth.t_SH_CH_l,90
English,TH,c_TeethDown,21,c_teeth.t_SH_CH_c,90
English,TH,H_DDS_HighRes,9,h_expressions.SH_CH_h,90
English,TH,H_DDS_MidRes,9,m_expressions.SH_CH_m,90
English,TH,H_DDS_LowRes,9,l_expressions.SH_CH_l,90
English,TH,H_DDS_CrowdRes,9,c_expressions.SH_CH_c,90
English,UH,h_TeethDown,16,h_teeth.t_UH_OO_h,90
English,UH,m_TeethDown,16,m_teeth.t_UH_OO_m,90
English,UH,l_TeethDown,16,l_teeth.t_UH_OO_l,90
English,UH,c_TeethDown,16,c_teeth.t_UH_OO_c,90
English,UH,H_DDS_HighRes,4,h_expressions.UH_OO_h,90
English,UH,H_DDS_MidRes,4,m_expressions.UH_OO_m,90
English,UH,H_DDS_LowRes,4,l_expressions.UH_OO_l,90
English,UH,H_DDS_CrowdRes,4,c_expressions.UH_OO_c,90
English,UW,h_TeethDown,17,h_teeth.t_UW_U_h,90
English,UW,m_TeethDown,17,m_teeth.t_UW_U_m,90
English,UW,l_TeethDown,17,l_teeth.t_UW_U_l,90
English,UW,c_TeethDown,17,c_teeth.t_UW_U_c,90
English,UW,H_DDS_HighRes,5,h_expressions.UW_U_h,90
English,UW,H_DDS_MidRes,5,m_expressions.UW_U_m,90
English,UW,H_DDS_LowRes,5,l_expressions.UW_U_l,90
English,UW,H_DDS_CrowdRes,5,c_expressions.UW_U_c,90
English,V,h_TeethDown,19,h_teeth.t_FV_h,100
English,V,m_TeethDown,19,m_teeth.t_FV_m,100
English,V,l_TeethDown,19,l_teeth.t_FV_l,100
English,V,c_TeethDown,19,c_teeth.t_FV_c,100
English,V,H_DDS_HighRes,7,h_expressions.FV_h,100
English,V,H_DDS_MidRes,7,m_expressions.FV_m,100
English,V,H_DDS_LowRes,7,l_expressions.FV_l,100
English,V,H_DDS_CrowdRes,7,c_expressions.FV_c,100
English,W,h_TeethDown,17,h_teeth.t_UW_U_h,90
English,W,m_TeethDown,17,m_teeth.t_UW_U_m,90
English,W,l_TeethDown,17,l_teeth.t_UW_U_l,90
English,W,c_TeethDown,17,c_teeth.t_UW_U_c,90
English,W,H_DDS_HighRes,5,h_expressions.UW_U_h,90
English,W,H_DDS_MidRes,5,m_expressions.UW_U_m,90
English,W,H_DDS_LowRes,5,l_expressions.UW_U_l,90
English,W,H_DDS_CrowdRes,5,c_expressions.UW_U_c,90
English,Y,h_TeethDown,15,h_teeth.t_TD_I_h,90
English,Y,m_TeethDown,15,m_teeth.t_TD_I_m,90
English,Y,l_TeethDown,15,l_teeth.t_TD_I_l,90
English,Y,c_TeethDown,15,c_teeth.t_TD_I_c,90
English,Y,H_DDS_HighRes,3,h_expressions.TD_I_h,90
English,Y,H_DDS_MidRes,3,m_expressions.TD_I_m,90
English,Y,H_DDS_LowRes,3,l_expressions.TD_I_l,90
English,Y,H_DDS_CrowdRes,3,c_expressions.TD_I_c,90
English,Z,h_TeethDown,20,h_teeth.t_S_h,100
English,Z,m_TeethDown,20,m_teeth.t_S_m,100
English,Z,l_TeethDown,20,l_teeth.t_S_l,100
English,Z,c_TeethDown,20,c_teeth.t_S_c,100
English,Z,H_DDS_HighRes,8,h_expressions.S_h,100
English,Z,H_DDS_MidRes,8,m_expressions.S_m,100
English,Z,H_DDS_LowRes,8,l_expressions.S_l,100
English,Z,H_DDS_CrowdRes,8,c_expressions.S_c,100
English,ZH,h_TeethDown,21,h_teeth.t_SH_CH_h,90
English,ZH,m_TeethDown,21,m_teeth.t_SH_CH_m,90
English,ZH,l_TeethDown,21,l_teeth.t_SH_CH_l,90
English,ZH,c_TeethDown,21,c_teeth.t_SH_CH_c,90
English,ZH,H_DDS_HighRes,9,h_expressions.SH_CH_h,90
English,ZH,H_DDS_MidRes,9,m_expressions.SH_CH_m,90
English,ZH,H_DDS_LowRes,9,l_expressions.SH_CH_l,90
English,ZH,H_DDS_CrowdRes,9,c_expressions.SH_CH_c,90
French,SIL,h_TeethDown,12,h_teeth.t_AE_AA_h,0
French,SIL,h_TeethDown,15,h_teeth.t_TD_I_h,0
French,SIL,h_TeethDown,16,h_teeth.t_UH_OO_h,0
French,SIL,h_TeethDown,17,h_teeth.t_UW_U_h,0
French,SIL,h_TeethDown,18,h_teeth.t_H_EST_h,0
French,SIL,h_TeethDown,19,h_teeth.t_FV_h,0
French,SIL,h_TeethDown,20,h_teeth.t_S_h,0
French,SIL,h_TeethDown,21,h_teeth.t_SH_CH_h,0
French,SIL,h_TeethDown,22,h_teeth.t_MPB_h,0
French,SIL,h_TeethDown,23,h_teeth.t_KG_h,0
French,SIL,m_TeethDown,12,m_teeth.t_AE_AA_m,0
French,SIL,m_TeethDown,15,m_teeth.t_TD_I_m,0
French,SIL,m_TeethDown,16,m_teeth.t_UH_OO_m,0
French,SIL,m_TeethDown,17,m_teeth.t_UW_U_m,0
French,SIL,m_TeethDown,18,m_teeth.t_H_EST_m,0
French,SIL,m_TeethDown,19,m_teeth.t_FV_m,0
French,SIL,m_TeethDown,20,m_teeth.t_S_m,0
French,SIL,m_TeethDown,21,m_teeth.t_SH_CH_m,0
French,SIL,m_TeethDown,22,m_teeth.t_MPB_m,0
French,SIL,m_TeethDown,23,m_teeth.t_KG_m,0
French,SIL,l_TeethDown,12,l_teeth.t_AE_AA_l,0
French,SIL,l_TeethDown,15,l_teeth.t_TD_I_l,0
French,SIL,l_TeethDown,16,l_teeth.t_UH_OO_l,0
French,SIL,l_TeethDown,17,l_teeth.t_UW_U_l,0
French,SIL,l_TeethDown,18,l_teeth.t_H_EST_l,0
French,SIL,l_TeethDown,19,l_teeth.t_FV_l,0
French,SIL,l_TeethDown,20,l_teeth.t_S_l,0
French,SIL,l_TeethDown,21,l_teeth.t_SH_CH_l,0
French,SIL,l_TeethDown,22,l_teeth.t_MPB_l,0
French,SIL,l_TeethDown,23,l_teeth.t_KG_l,0
French,SIL,c_TeethDown,12,c_teeth.t_AE_AA_c,0
French,SIL,c_TeethDown,15,c_teeth.t_TD_I_c,0
French,SIL,c_TeethDown,16,c_teeth.t_UH_OO_c,0
French,SIL,c_TeethDown,17,c_teeth.t_UW_U_c,0
French,SIL,c_TeethDown,18,c_teeth.t_H_EST_c,0
French,SIL,c_TeethDown,19,c_teeth.t_FV_c,0
French,SIL,c_TeethDown,20,c_teeth.t_S_c,0
French,SIL,c_TeethDown,21,c_teeth.t_SH_CH_c,0
French,SIL,c_TeethDown,22,c_teeth.t_MPB_c,0
French,SIL,c_TeethDown,23,c_teeth.t_KG_c,0
French,SIL,H_DDS_HighRes,0,h_expressions.AE_AA_h,0
French,SIL,H_DDS_HighRes,3,h_expressions.TD_I_h,0
French,SIL,H_DDS_HighRes,4,h_expressions.UH_OO_h,0
French,SIL,H_DDS_HighRes,5,h_expressions.UW_U_h,0
French,SIL,H_DDS_HighRes,6,h_expressions.H_EST_h,0
French,SIL,H_DDS_HighRes,7,h_expressions.FV_h,0
French,SIL,H_DDS_HighRes,8,h_expressions.S_h,0
French,SIL,H_DDS_HighRes,9,h_expressions.SH_CH_h,0
French,SIL,H_DDS_HighRes,10,h_expressions.MPB_Up_h,0
French,SIL,H_DDS_HighRes,11,h_expressions.MPB_Down_h,0
French,SIL,H_DDS_HighRes,12,h_expressions.KG_h,0
French,SIL,H_DDS_MidRes,0,m_expressions.AE_AA_m,0
French,SIL,H_DDS_MidRes,3,m_expressions.TD_I_m,0
French,SIL,H_DDS_MidRes,4,m_expressions.UH_OO_m,0
French,SIL,H_DDS_MidRes,5,m_expressions.UW_U_m,0
French,SIL,H_DDS_MidRes,6,m_expressions.H_EST_m,0
French,SIL,H_DDS_MidRes,7,m_expressions.FV_m,0
French,SIL,H_DDS_MidRes,8,m_expressions.S_m,0
French,SIL,H_DDS_MidRes,9,m_expressions.SH_CH_m,0
French,SIL,H_DDS_MidRes,10,m_expressions.MPB_Up_m,0
French,SIL,H_DDS_MidRes,11,m_expressions.MPB_Down_m,0
French,SIL,H_DDS_MidRes,12,m_expressions.KG_m,0
French,SIL,H_DDS_LowRes,0,l_expressions.AE_AA_l,0
French,SIL,H_DDS_LowRes,3,l_expressions.TD_I_l,0
French,SIL,H_DDS_LowRes,4,l_expressions.UH_OO_l,0
French,SIL,H_DDS_LowRes,5,l_expressions.UW_U_l,0
French,SIL,H_DDS_LowRes,6,l_expressions.H_EST_l,0
French,SIL,H_DDS_LowRes,7,l_expressions.FV_l,0
French,SIL,H_DDS_LowRes,8,l_expressions.S_l,0
French,SIL,H_DDS_LowRes,9,l_expressions.SH_CH_l,0
French,SIL,H_DDS_LowRes,10,l_expressions.MPB_Up_l,0
French,SIL,H_DDS_LowRes,11,l_expressions.MPB_Down_l,0
French,SIL,H_DDS_LowRes,12,l_expressions.KG_l,0
French,SIL,H_DDS_CrowdRes,0,c_expressions.AE_AA_c,0
French,SIL,H_DDS_CrowdRes,3,c_expressions.TD_I_c,0
French,SIL,H_DDS_CrowdRes,4,c_expressions.UH_OO_c,0
French,SIL,H_DDS_CrowdRes,5,c_expressions.UW_U_c,0
French,SIL,H_DDS_CrowdRes,6,c_expressions.H_EST_c,0
French,SIL,H_DDS_CrowdRes,7,c_expressions.FV_c,0
French,SIL,H_DDS_CrowdRes,8,c_expressions.S_c,0
French,SIL,H_DDS_CrowdRes,9,c_expressions.SH_CH_c,0
French,SIL,H_DDS_CrowdRes,10,c_expressions.MPB_Up_c,0
French,SIL,H_DDS_CrowdRes,11,c_expressions.MPB_Down_c,0
French,SIL,H_DDS_CrowdRes,12,c_expressions.KG_c,0
French,b,h_TeethDown,22,h_teeth.t_MPB_h,100
French,b,m_TeethDown,22,m_teeth.t_MPB_m,100
French,b,l_TeethDown,22,l_teeth.t_MPB_l,100
French,b,c_TeethDown,22,c_teeth.t_MPB_c,100
French,b,H_DDS_HighRes,10,h_expressions.MPB_Up_h,100
French,b,H_DDS_HighRes,11,h_expressions.MPB_Down_h,100
French,b,H_DDS_MidRes,10,m_expressions.MPB_Up_m,100
French,b,H_DDS_MidRes,11,m_expressions.MPB_Down_m,100
French,b,H_DDS_LowRes,10,l_expressions.MPB_Up_l,100
French,b,H_DDS_LowRes,11,l_expressions.MPB_Down_l,100
French,b,H_DDS_CrowdRes,10,c_expressions.MPB_Up_c,100
French,b,H_DDS_CrowdRes,11,c_expressions.MPB_Down_c,100
French,d,h_TeethDown,15,h_teeth.t_TD_I_h,90
French,d,m_TeethDown,15,m_teeth.t_TD_I_m,90
French,d,l_TeethDown,15,l_teeth.t_TD_I_l,90
French,d,c_TeethDown,15,c_teeth.t_TD_I_c,90
French,d,H_DDS_HighRes,3,h_expressions.TD_I_h,90
French,d,H_DDS_MidRes,3,m_expressions.TD_I_m,90
French,d,H_DDS_LowRes,3,l_expressions.TD_I_l,90
French,d,H_DDS_CrowdRes,3,c_expressions.TD_I_c,90
French,f,h_TeethDown,19,h_teeth.t_FV_h,100
French,f,m_TeethDown,19,m_teeth.t_FV_m,100
French,f,l_TeethDown,19,l_teeth.t_FV_l,100
French,f,c_TeethDown,19,c_teeth.t_FV_c,100
French,f,H_DDS_HighRes,7,h_expressions.FV_h,100
French,f,H_DDS_MidRes,7,m_expressions.FV_m,100
French,f,H_DDS_LowRes,7,l_expressions.FV_l,100
French,f,H_DDS_CrowdRes,7,c_expressions.FV_c,100
French,k,h_TeethDown,23,h_teeth.t_KG_h,90
French,k,m_TeethDown,23,m_teeth.t_KG_m,90
French,k,l_TeethDown,23,l_teeth.t_KG_l,90
French,k,c_TeethDown,23,c_teeth.t_KG_c,90
French,k,H_DDS_HighRes,12,h_expressions.KG_h,90
French,k,H_DDS_MidRes,12,m_expressions.KG_m,90
French,k,H_DDS_LowRes,12,l_expressions.KG_l,90
French,k,H_DDS_CrowdRes,12,c_expressions.KG_c,90
French,l,h_TeethDown,20,h_teeth.t_S_h,100
French,l,m_TeethDown,20,m_teeth.t_S_m,100
French,l,l_TeethDown,20,l_teeth.t_S_l,100
French,l,c_TeethDown,20,c_teeth.t_S_c,100
French,l,H_DDS_HighRes,8,h_expressions.S_h,100
French,l,H_DDS_MidRes,8,m_expressions.S_m,100
French,l,H_DDS_LowRes,8,l_expressions.S_l,100
French,l,H_DDS_CrowdRes,8,c_expressions.S_c,100
French,m,h_TeethDown,22,h_teeth.t_MPB_h,100
French,m,m_TeethDown,22,m_teeth.t_MPB_m,100
French,m,l_TeethDown,22,l_teeth.t_MPB_l,100
French,m,c_TeethDown,22,c_teeth.t_MPB_c,100
French,m,H_DDS_HighRes,10,h_expressions.MPB_Up_h,100
French,m,H_DDS_HighRes,11,h_expressions.MPB_Down_h,100
French,m,H_DDS_MidRes,10,m_expressions.MPB_Up_m,100
French,m,H_DDS_MidRes,11,m_expressions.MPB_Down_m,100
French,m,H_DDS_LowRes,10,l_expressions.MPB_Up_l,100
French,m,H_DDS_LowRes,11,l_expressions.MPB_Down_l,100
French,m,H_DDS_CrowdRes,10,c_expressions.MPB_Up_c,100
French,m,H_DDS_CrowdRes,11,c_expressions.MPB_Down_c,100
French,n,h_TeethDown,15,h_teeth.t_TD_I_h,90
French,n,m_TeethDown,15,m_teeth.t_TD_I_m,90
French,n,l_TeethDown,15,l_teeth.t_TD_I_l,90
French,n,c_TeethDown,15,c_teeth.t_TD_I_c,90
French,n,H_DDS_HighRes,3,h_expressions.TD_I_h,90
French,n,H_DDS_MidRes,3,m_expressions.TD_I_m,90
French,n,H_DDS_LowRes,3,l_expressions.TD_I_l,90
French,n,H_DDS_CrowdRes,3,c_expressions.TD_I_c,90
French,p,h_TeethDown,22,h_teeth.t_MPB_h,100
French,p,m_TeethDown,22,m_teeth.t_MPB_m,100
French,p,l_TeethDown,22,l_teeth.t_MPB_l,100
French,p,c_TeethDown,22,c_teeth.t_MPB_c,100
French,p,H_DDS_HighRes,10,h_expressions.MPB_Up_h,100
French,p,H_DDS_HighRes,11,h_expressions.MPB_Down_h,100
French,p,H_DDS_MidRes,10,m_expressions.MPB_Up_m,100
French,p,H_DDS_MidRes,11,m_expressions.MPB_Down_m,100
French,p,H_DDS_LowRes,10,l_expressions.MPB_Up_l,100
French,p,H_DDS_LowRes,11,l_expressions.MPB_Down_l,100
French,p,H_DDS_CrowdRes,10,c_expressions.MPB_Up_c,100
French,p,H_DDS_CrowdRes,11,c_expressions.MPB_Down_c,100
French,s,h_TeethDown,20,h_teeth.t_S_h,100
French,s,m_TeethDown,20,m_teeth.t_S_m,100
French,s,l_TeethDown,20,l_teeth.t_S_l,100
French,s,c_TeethDown,20,c_teeth.t_S_c,100
French,s,H_DDS_HighRes,8,h_expressions.S_h,100
French,s,H_DDS_MidRes,8,m_expressions.S_m,100
French,s,H_DDS_LowRes,8,l_expressions.S_l,100
French,s,H_DDS_CrowdRes,8,c_expressions.S_c,100
French,t,h_TeethDown,15,h_teeth.t_TD_I_h,90
French,t,m_TeethDown,15,m_teeth.t_TD_I_m,90
French,t,l_TeethDown,15,l_teeth.t_TD_I_l,90
French,t,c_TeethDown,15,c_teeth.t_TD_I_c,90
French,t,H_DDS_HighRes,3,h_expressions.TD_I_h,90
French,t,H_DDS_MidRes,3,m_expressions.TD_I_m,90
French,t,H_DDS_LowRes,3,l_expressions.TD_I_l,90
French,t,H_DDS_CrowdRes,3,c_expressions.TD_I_c,90
French,v,h_TeethDown,19,h_teeth.t_FV_h,100
French,v,m_TeethDown,19,m_teeth.t_FV_m,100
French,v,l_TeethDown,19,l_teeth.t_FV_l,100
French,v,c_TeethDown,19,c_teeth.t_FV_c,100
French,v,H_DDS_HighRes,7,h_expressions.FV_h,100
French,v,H_DDS_MidRes,7,m_expressions.FV_m,100
French,v,H_DDS_LowRes,7,l_expressions.FV_l,100
French,v,H_DDS_CrowdRes,7,c_expressions.FV_c,100
French,z,h_TeethDown,20,h_teeth.t_S_h,100
French,z,m_TeethDown,20,m_teeth.t_S_m,100
French,z,l_TeethDown,20,l_teeth.t_S_l,100
French,z,c_TeethDown,20,c_teeth.t_S_c,100
French,z,H_DDS_HighRes,8,h_expressions.S_h,100
French,z,H_DDS_MidRes,8,m_expressions.S_m,100
French,z,H_DDS_LowRes,8,l_expressions.S_l,100
French,z,H_DDS_CrowdRes,8,c_expressions.S_c,100
French,,h_TeethDown,23,h_teeth.t_KG_h,90
French,,m_TeethDown,23,m_teeth.t_KG_m,90
French,,l_TeethDown,23,l_teeth.t_KG_l,90
French,,c_TeethDown,23,c_teeth.t_KG_c,90
French,,H_DDS_HighRes,12,h_expressions.KG_h,90
French,,H_DDS_MidRes,12,m_expressions.KG_m,90
French,,H_DDS_LowRes,12,l_expressions.KG_l,90
French,,H_DDS_CrowdRes,12,c_expressions.KG_c,90
French,N,h_TeethDown,15,h_teeth.t_TD_I_h,90
French,N,m_TeethDown,15,m_teeth.t_TD_I_m,90
French,N,l_TeethDown,15,l_teeth.t_TD_I_l,90
French,N,c_TeethDown,15,c_teeth.t_TD_I_c,90
French,N,H_DDS_HighRes,3,h_expressions.TD_I_h,90
French,N,H_DDS_MidRes,3,m_expressions.TD_I_m,90
French,N,H_DDS_LowRes,3,l_expressions.TD_I_l,90
French,N,H_DDS_CrowdRes,3,c_expressions.TD_I_c,90
French,r,h_TeethDown,17,h_teeth.t_UW_U_h,90
French,r,m_TeethDown,17,m_teeth.t_UW_U_m,90
French,r,l_TeethDown,17,l_teeth.t_UW_U_l,90
French,r,c_TeethDown,17,c_teeth.t_UW_U_c,90
French,r,H_DDS_HighRes,5,h_expressions.UW_U_h,90
French,r,H_DDS_MidRes,5,m_expressions.UW_U_m,90
French,r,H_DDS_LowRes,5,l_expressions.UW_U_l,90
French,r,H_DDS_CrowdRes,5,c_expressions.UW_U_c,90
French,S,h_TeethDown,21,h_teeth.t_SH_CH_h,90
French,S,m_TeethDown,21,m_teeth.t_SH_CH_m,90
French,S,l_TeethDown,21,l_teeth.t_SH_CH_l,90
French,S,c_TeethDown,21,c_teeth.t_SH_CH_c,90
French,S,H_DDS_HighRes,9,h_expressions.SH_CH_h,90
French,S,H_DDS_MidRes,9,m_expressions.SH_CH_m,90
French,S,H_DDS_LowRes,9,l_expressions.SH_CH_l,90
French,S,H_DDS_CrowdRes,9,c_expressions.SH_CH_c,90
French,Z,h_TeethDown,21,h_teeth.t_SH_CH_h,90
French,Z,m_TeethDown,21,m_teeth.t_SH_CH_m,90
French,Z,l_TeethDown,21,l_teeth.t_SH_CH_l,90
French,Z,c_TeethDown,21,c_teeth.t_SH_CH_c,90
French,Z,H_DDS_HighRes,9,h_expressions.SH_CH_h,90
French,Z,H_DDS_MidRes,9,m_expressions.SH_CH_m,90
French,Z,H_DDS_LowRes,9,l_expressions.SH_CH_l,90
French,Z,H_DDS_CrowdRes,9,c_expressions.SH_CH_c,90
French,dZ,h_TeethDown,20,h_teeth.t_S_h,100
French,dZ,m_TeethDown,20,m_teeth.t_S_m,100
French,dZ,l_TeethDown,20,l_teeth.t_S_l,100
French,dZ,c_TeethDown,20,c_teeth.t_S_c,100
French,dZ,H_DDS_HighRes,8,h_expressions.S_h,100
French,dZ,H_DDS_MidRes,8,m_expressions.S_m,100
French,dZ,H_DDS_LowRes,8,l_expressions.S_l,100
French,dZ,H_DDS_CrowdRes,8,c_expressions.S_c,100
French,tS,h_TeethDown,20,h_teeth.t_S_h,100
French,tS,m_TeethDown,20,m_teeth.t_S_m,100
French,tS,l_TeethDown,20,l_teeth.t_S_l,100
French,tS,c_TeethDown,20,c_teeth.t_S_c,100
French,tS,H_DDS_HighRes,8,h_expressions.S_h,100
French,tS,H_DDS_MidRes,8,m_expressions.S_m,100
French,tS,H_DDS_LowRes,8,l_expressions.S_l,100
French,tS,H_DDS_CrowdRes,8,c_expressions.S_c,100
French,G,h_TeethDown,18,h_teeth.t_H_EST_h,90
French,G,m_TeethDown,18,m_teeth.t_H_EST_m,90
French,G,l_TeethDown,18,l_teeth.t_H_EST_l,90
French,G,c_TeethDown,18,c_teeth.t_H_EST_c,90
French,G,H_DDS_HighRes,6,h_expressions.H_EST_h,90
French,G,H_DDS_MidRes,6,m_expressions.H_EST_m,90
French,G,H_DDS_LowRes,6,l_expressions.H_EST_l,90
French,G,H_DDS_CrowdRes,6,c_expressions.H_EST_c,90
French,j,h_TeethDown,15,h_teeth.t_TD_I_h,90
French,j,m_TeethDown,15,m_teeth.t_TD_I_m,90
French,j,l_TeethDown,15,l_teeth.t_TD_I_l,90
French,j,c_TeethDown,15,c_teeth.t_TD_I_c,90
French,j,H_DDS_HighRes,3,h_expressions.TD_I_h,90
French,j,H_DDS_MidRes,3,m_expressions.TD_I_m,90
French,j,H_DDS_LowRes,3,l_expressions.TD_I_l,90
French,j,H_DDS_CrowdRes,3,c_expressions.TD_I_c,90
French,w,h_TeethDown,17,h_teeth.t_UW_U_h,90
French,w,m_TeethDown,17,m_teeth.t_UW_U_m,90
French,w,l_TeethDown,17,l_teeth.t_UW_U_l,90
French,w,c_TeethDown,17,c_teeth.t_UW_U_c,90
French,w,H_DDS_HighRes,5,h_expressions.UW_U_h,90
French,w,H_DDS_MidRes,5,m_expressions.UW_U_m,90
French,w,H_DDS_LowRes,5,l_expressions.UW_U_l,90
French,w,H_DDS_CrowdRes,5,c_expressions.UW_U_c,90
French,,h_TeethDown,16,h_teeth.t_UH_OO_h,90
French,,m_TeethDown,16,m_teeth.t_UH_OO_m,90
French,,l_TeethDown,16,l_teeth.t_UH_OO_l,90
French,,c_TeethDown,16,c_teeth.t_UH_OO_c,90
French,,H_DDS_HighRes,4,h_expressions.UH_OO_h,90
French,,H_DDS_MidRes,4,m_expressions.UH_OO_m,90
French,,H_DDS_LowRes,4,l_expressions.UH_OO_l,90
French,,H_DDS_CrowdRes,4,c_expressions.UH_OO_c,90
French,a,h_TeethDown,12,h_teeth.t_AE_AA_h,80
French,a,m_TeethDown,12,m_teeth.t_AE_AA_m,80
French,a,l_TeethDown,12,l_teeth.t_AE_AA_l,80
French,a,c_TeethDown,12,c_teeth.t_AE_AA_c,80
French,a,H_DDS_HighRes,0,h_expressions.AE_AA_h,80
French,a,H_DDS_MidRes,0,m_expressions.AE_AA_m,80
French,a,H_DDS_LowRes,0,l_expressions.AE_AA_l,80
French,a,H_DDS_CrowdRes,0,c_expressions.AE_AA_c,80
French,,h_TeethDown,15,h_teeth.t_TD_I_h,90
French,,m_TeethDown,15,m_teeth.t_TD_I_m,90
French,,l_TeethDown,15,l_teeth.t_TD_I_l,90
French,,c_TeethDown,15,c_teeth.t_TD_I_c,90
French,,H_DDS_HighRes,3,h_expressions.TD_I_h,90
French,,H_DDS_MidRes,3,m_expressions.TD_I_m,90
French,,H_DDS_LowRes,3,l_expressions.TD_I_l,90
French,,H_DDS_CrowdRes,3,c_expressions.TD_I_c,90
French,i,h_TeethDown,15,h_teeth.t_TD_I_h,90
French,i,m_TeethDown,15,m_teeth.t_TD_I_m,90
French,i,l_TeethDown,15,l_teeth.t_TD_I_l,90
French,i,c_TeethDown,15,c_teeth.t_TD_I_c,90
French,i,H_DDS_HighRes,3,h_expressions.TD_I_h,90
French,i,H_DDS_MidRes,3,m_expressions.TD_I_m,90
French,i,H_DDS_LowRes,3,l_expressions.TD_I_l,90
French,i,H_DDS_CrowdRes,3,c_expressions.TD_I_c,90
French,o,h_TeethDown,16,h_teeth.t_UH_OO_h,90
French,o,m_TeethDown,16,m_teeth.t_UH_OO_m,90
French,o,l_TeethDown,16,l_teeth.t_UH_OO_l,90
French,o,c_TeethDown,16,c_teeth.t_UH_OO_c,90
French,o,H_DDS_HighRes,4,h_expressions.UH_OO_h,90
French,o,H_DDS_MidRes,4,m_expressions.UH_OO_m,90
French,o,H_DDS_LowRes,4,l_expressions.UH_OO_l,90
French,o,H_DDS_CrowdRes,4,c_expressions.UH_OO_c,90
French,u,h_TeethDown,16,h_teeth.t_UH_OO_h,90
French,u,m_TeethDown,16,m_teeth.t_UH_OO_m,90
French,u,l_TeethDown,16,l_teeth.t_UH_OO_l,90
French,u,c_TeethDown,16,c_teeth.t_UH_OO_c,90
French,u,H_DDS_HighRes,4,h_expressions.UH_OO_h,90
French,u,H_DDS_MidRes,4,m_expressions.UH_OO_m,90
French,u,H_DDS_LowRes,4,l_expressions.UH_OO_l,90
French,u,H_DDS_CrowdRes,4,c_expressions.UH_OO_c,90
French,y,h_TeethDown,16,h_teeth.t_UH_OO_h,90
French,y,m_TeethDown,16,m_teeth.t_UH_OO_m,90
French,y,l_TeethDown,16,l_teeth.t_UH_OO_l,90
French,y,c_TeethDown,16,c_teeth.t_UH_OO_c,90
French,y,H_DDS_HighRes,4,h_expressions.UH_OO_h,90
French,y,H_DDS_MidRes,4,m_expressions.UH_OO_m,90
French,y,H_DDS_LowRes,4,l_expressions.UH_OO_l,90
French,y,H_DDS_CrowdRes,4,c_expressions.UH_OO_c,90
French,,h_TeethDown,17,h_teeth.t_UW_U_h,90
French,,m_TeethDown,17,m_teeth.t_UW_U_m,90
French,,l_TeethDown,17,l_teeth.t_UW_U_l,90
French,,c_TeethDown,17,c_teeth.t_UW_U_c,90
French,,H_DDS_HighRes,5,h_expressions.UW_U_h,90
French,,H_DDS_MidRes,5,m_expressions.UW_U_m,90
French,,H_DDS_LowRes,5,l_expressions.UW_U_l,90
French,,H_DDS_CrowdRes,5,c_expressions.UW_U_c,90
French,,h_TeethDown,12,h_teeth.t_AE_AA_h,80
French,,m_TeethDown,12,m_teeth.t_AE_AA_m,80
French,,l_TeethDown,12,l_teeth.t_AE_AA_l,80
French,,c_TeethDown,12,c_teeth.t_AE_AA_c,80
French,,H_DDS_HighRes,0,h_expressions.AE_AA_h,80
French,,H_DDS_MidRes,0,m_expressions.AE_AA_m,80
French,,H_DDS_LowRes,0,l_expressions.AE_AA_l,80
French,,H_DDS_CrowdRes,0,c_expressions.AE_AA_c,80
French,,h_TeethDown,16,h_teeth.t_UH_OO_h,90
French,,m_TeethDown,16,m_teeth.t_UH_OO_m,90
French,,l_TeethDown,16,l_teeth.t_UH_OO_l,90
French,,c_TeethDown,16,c_teeth.t_UH_OO_c,90
French,,H_DDS_HighRes,4,h_expressions.UH_OO_h,90
French,,H_DDS_MidRes,4,m_expressions.UH_OO_m,90
French,,H_DDS_LowRes,4,l_expressions.UH_OO_l,90
French,,H_DDS_CrowdRes,4,c_expressions.UH_OO_c,90
French,e,h_TeethDown,15,h_teeth.t_TD_I_h,90
French,e,m_TeethDown,15,m_teeth.t_TD_I_m,90
French,e,l_TeethDown,15,l_teeth.t_TD_I_l,90
French,e,c_TeethDown,15,c_teeth.t_TD_I_c,90
French,e,H_DDS_HighRes,3,h_expressions.TD_I_h,90
French,e,H_DDS_MidRes,3,m_expressions.TD_I_m,90
French,e,H_DDS_LowRes,3,l_expressions.TD_I_l,90
French,e,H_DDS_CrowdRes,3,c_expressions.TD_I_c,90
French,,h_TeethDown,12,h_teeth.t_AE_AA_h,80
French,,m_TeethDown,12,m_teeth.t_AE_AA_m,80
French,,l_TeethDown,12,l_teeth.t_AE_AA_l,80
French,,c_TeethDown,12,c_teeth.t_AE_AA_c,80
French,,H_DDS_HighRes,0,h_expressions.AE_AA_h,80
French,,H_DDS_MidRes,0,m_expressions.AE_AA_m,80
French,,H_DDS_LowRes,0,l_expressions.AE_AA_l,80
French,,H_DDS_CrowdRes,0,c_expressions.AE_AA_c,80
French,,h_TeethDown,12,h_teeth.t_AE_AA_h,80
French,,m_TeethDown,12,m_teeth.t_AE_AA_m,80
French,,l_TeethDown,12,l_teeth.t_AE_AA_l,80
French,,c_TeethDown,12,c_teeth.t_AE_AA_c,80
French,,H_DDS_HighRes,0,h_expressions.AE_AA_h,80
French,,H_DDS_MidRes,0,m_expressions.AE_AA_m,80
French,,H_DDS_LowRes,0,l_expressions.AE_AA_l,80
French,,H_DDS_CrowdRes,0,c_expressions.AE_AA_c,80
French,,h_TeethDown,17,h_teeth.t_UW_U_h,90
French,,m_TeethDown,17,m_teeth.t_UW_U_m,90
French,,l_TeethDown,17,l_teeth.t_UW_U_l,90
French,,c_TeethDown,17,c_teeth.t_UW_U_c,90
French,,H_DDS_HighRes,5,h_expressions.UW_U_h,90
French,,H_DDS_MidRes,5,m_expressions.UW_U_m,90
French,,H_DDS_LowRes,5,l_expressions.UW_U_l,90
French,,H_DDS_CrowdRes,5,c_expressions.UW_U_c,90
French,,h_TeethDown,12,h_teeth.t_AE_AA_h,80
French,,m_TeethDown,12,m_teeth.t_AE_AA_m,80
French,,l_TeethDown,12,l_teeth.t_AE_AA_l,80
French,,c_TeethDown,12,c_teeth.t_AE_AA_c,80
French,,H_DDS_HighRes,0,h_expressions.AE_AA_h,80
French,,H_DDS_MidRes,0,m_expressions.AE_AA_m,80
French,,H_DDS_LowRes,0,l_expressions.AE_AA_l,80
French,,H_DDS_CrowdRes,0,c_expressions.AE_AA_c,80
